Sorterings ID;Data type;Navn DK;A1tilA3;C3;C4;D;Deklareret faktor (FU);Deklareret enhed (FU);Masse faktor (densitet)
#B1318;Branche data;Krydslamineret træ, CLT (Forbrænding EoL);-664;744;0;-387;1;M3;470
#B1325;Branche data;Konstruktionstræ af nåletræ, Høvlet (Forbrænding EoL);-652;709;0;-425;1;M3;536
#B1332;Branche data;Konstruktionstræ af nåletræ, utørret og opsavet (Forbrænding EoL);-664;709;0;-425;1;M3;644
#B1339;Branche data;Limtræs-produkter af fyr og gran, (Forbrænding EoL);-610;743;0;-395;1;M3;500
#B1346;Branche data;Huldæk element, 22 cm, 6-10 forspændingsliner;49.8;1.04;0.76;-705;1;M2;344.6
#B1350;Branche data;Huldæk element, 32 cm, 6-10 forspændingsliner;66.4;1.04;1.03;-953;1;M2;459.6
#B1354;Branche data;Huldæk element, 32 cm, 11-17 forspændingsliner;67.9;1.37;1;-925;1;M2;451.4
#B1358;Branche data;Letklinkerblok, Massiv;194;1.06;1.19;-1.1;1;M3;600
#B1362;Branche data;Letklinkerblok med hvid EPS isolering;130;961;6.19;-4.39;1;M3;375
#B1366;Branche data;Letklinkerblok med grå EPS isolering;121;836;618;-572;1;M3;327
#B1370;Branche data;Konstruktionstræ af fyr og gran, Høvlet (Forbrænding EoL);-670;728;0;-371;1;M3;456
#B1377;Branche data;Sandwichelement med mineraluld (Facade);90.6;1.51;1.25;-1.21;1;M2;501.8
#B1381;Branche data;Sandwichelement med EPS (Facade);87.3;1.49;10.08;-7.83;1;M2;495.2
#B1385;Branche data;Beton vægelementer, 15 cm tyk væg med 5-15 kg armering  (11% udsparinger);53.1;965;0.07;-787;1;M2;320.9
#B1389;Branche data;Beton vægelementer, 20 cm tyk væg med 5-15 kg armering (11% udsparinger);66.9;1.28;0.93;-1.01;1;M2;426.4
#B1393;Branche data;Beton vægelementer, 20 cm tyk væg med 16-25 kg armering (11% udsparinger);73.2;1.29;932;-1.08;1;M2;433.9
#B1397;Branche data;Letbeton vægelement, 100 mm tyk væg, 10% udsparinger;26.8;486;356;-363;1;M2;161.5
#B1401;Branche data;Letbeton vægelement, 150 mm tyk væg, 10% udsparinger;38.6;744;538;-621;1;M2;242.4
#B1405;Branche data;Letbeton vægelement, 220 mm tyk væg, 10% udsparinger;63;1.15;836;-931;1;M2;394.8
#B1409;Branche data;TT-element/Ribbedæk, TT60 med 12-18 STK. L12,5 liner, og 1,3-3,3 kg slap armering;56.3;1;734;-695;1;M2;332.7
#B1413;Branche data;TT-element/Ribbedæk, TTS90 med 16-22 STK. L12,5 liner, og 1-2,5 kg slap armering;55.3;908;658;-613;1;M2;302
#B1417;Branche data;TT-element/Ribbedæk, TT60 med 20-28 STK. L12,5 liner, og 2-4 kg slap armering;57.7;1.01;734;-711;1;M2;335.1
#B1425;Branche data;Fabriksbeton (C20/25 SCC) i eksponeringsklasserne X0 og XC1;215;6.94;5.13;-4.74;1;M3;2212
#B1433;Branche data;Fabriksbeton (C25/30) i eksponeringsklasserne X0 og XC1;241;6.73;4.97;-4.6;1;M3;2246
#B1437;Branche data;Fabriksbeton C35/45 – CEM I SR-5;403;6.85;5.06;-4.68;1;M3;2304
#B1441;Branche data;Fabriksbeton C35/45 – CEM I;362;7.07;5.23;-4.84;1;M3;2267
#B1445;Branche data;Fabriksbeton C35/45 (fugebeton);377;6.63;4.09;-4.54;1;M3;2256
#B1453;Branche data;Fabriksbeton C40/50 – CEM I SR-5;465;6.95;5.14;-4.76;1;M3;2284
#B1461;Branche data;Fabriksbeton C40/50 – CEM I;429;6.77;5;-4.63;1;M3;2267
#B1469;Branche data;Fabriksbeton C45/55;426;6.75;4.99;-4.62;1;M3;2229
#B1477;Branche data;Fabriksbeton C30/37;282;6.72;4.97;-4.6;1;M3;2255
#B1485;Branche data;Fabriksbeton C35/45 SCC;300;6.54;4.83;-4.47;1;M3;2254
#B1489;Branche data;Konstruktionstræ af fyr og gran, Savede og tørrede (Forbrænding EoL);-680;728;0;-371;1;M3;456
#B1496;Branche data;Krydsfiner, ubehandlet (Forbrænding EoL);-599;743;0;-391;1;M3;480
#G0000;Generisk data;Brandsikkert glas Pyrobel;71.6;-;645;-;1;M2;50.05
#G0002;Generisk data;VVS-rør, blanke kobberrør;1.97;-;0.000949;-733;1;KG;1
#G0005;Generisk data;Tagsten, beton;0.255909;-;0.01607;-0.002681;1;KG;1
#G0008;Generisk data;Tæppeflise;20;0.0341;4.56;-0.0958;1;M2;1.02
#G0012;Generisk data;Træfiberisolering;-156.3;238.2;-;-124;1;M3;157.49
#G0015;Generisk data;Zink, patineret;2.09;-;#G0122;#G0122;1;KG;1
#G0016;Generisk data;Fugemørtel;465;#G0789;-;-;1;KG;1
#G0017;Generisk data;Vandtætningsmembran, flydende;1.11;#G0789;-;-;1;KG;1
#G0018;Generisk data;VVS-rør, PE-skumbelagt kobberrør;2.29;-;377;-868;1;KG;1
#G0021;Generisk data;VVS-rør, PE-belagt kobberrør;2.07;-;964;-1.1;1;KG;1
#G0024;Generisk data;VVS-rør, PU-skumbelagt kobberrør;2.85;-;611;-952;1;KG;1
#G0027;Generisk data;PU skumplade (12cm);14.08;102;8.74;-4;1;M2;3.96
#G0031;Generisk data;VVS-rør, PVC-belagt kobberrør;1.83;-;987;-1.12;1;KG;1
#G0034;Generisk data;WPC facadepanel;-558;8.78167;-;-2.74917;1;M2;7.79
#G0037;Generisk data;WPC terrassebelægning;253;21.0833;-;-4.87195;1;M2;18.36
#G0040;Generisk data;EPS isolering (grå) med termisk strålings absorber;49.7;-;55.6;-28.7;1;M3;16.06
#G0043;Generisk data;EPS isolering til vægge og tage 035;59.5;-;75.2;-39.6;1;M3;22.07
#G0046;Generisk data;EPS isolering til lofter / gulve og kælderydervæg / terrændæk 035;75.4;-;85.9;-45.2;1;M3;25.9
#G0049;Generisk data;EPS isolering til vægge og tage 040;52.5;-;59.5;-31.3;1;M3;18
#G0052;Generisk data;EPS isolering til lofter / gulve og kælderydervæg / terrændæk 040;53.8;-;61;-32.1;1;M3;18.05
#G0055;Generisk data;PU skumisolering, belagt med aluminium på begge sider (12 cm);12.09;106;8.56;-4.98;1;M2;3.72
#G0085;Generisk data;Celleglas-isolering 115 kg/m³;1.32;-;#G0912;-;1;KG;1
#G0086;Generisk data;Stål, valsede profiler og plader;1.125;0.001844;-;-0.4134;1;KG;1
#G0092;Generisk data;Overflade, Facademaling, grunder, dispersion;2.10646;-;0.0150055;-0.00942649;1;KG;1
#G0095;Generisk data;Rør til el-varmepumpe (vand-vand) 70 kW;417.966;0.0147327;-;-28.0661;1;STK;123
#G0098;Generisk data;Gipssten;0.00230588;-;0.0150055;-;1;KG;1
#G0100;Generisk data;Boksventilator 30.000 m³/h,;846.712;11.8708;0.0982552;-506.236;1;STK;167.8000002
#G0104;Generisk data;Varmepumpe, jordvarmesonde, 70 Kw;6262.06;11.4807;0.0300174;-267.67;1;STK;4854.66
#G0108;Generisk data;Glasfiberdug;0.293104;0;0.00196436;-;1;M2;0.12
#G0111;Generisk data;Curtain wall facade med 3-lags ruder, stål;97.0738;6.20355;0.420155;-15.4654;1;M2;21.04
#G0115;Generisk data;Lavagrus;0.00379143;#G0789;-;-;1;KG;1
#G0116;Generisk data;Teglsten, formur;528.541;13.207;-;-3.69717;1;M3;1800
#G0119;Generisk data;Rør, Afløbsrør, PVC;1.91881;0.607628;-;-0.259614;1;KG;1
#G0122;Generisk data;Stål, varmvalset plade, Genanvendelse;-;-;0.00068207;-1.81062;1;KG;1
#G0127;Generisk data;Teflon-membran, polytetrafluoroethylen (PTFE);14.4411;0.364086;-;-0.167871;1;KG;1
#G0130;Generisk data;Decentralt ventilationsanlæg med varmegenvinding (væg & loft) 60 m3 / h;25.3286;4.48641;0.0504797;-11.696;1;STK;3.69
#G0134;Generisk data;Varmepumpe (luft-vand) 7kW;321.294;21.0599;2.99723;-169.065;1;STK;93.8
#G0138;Generisk data;Gips, beta-halvhydrat;0.103165;-;0.0150055;-;1;KG;1
#G0140;Generisk data;Gulvvarmesystem inkl. isolering, PEX (100 mm afstand);7.74763;6.68108;-;-2.78435;1;M2;1.09
#G0143;Generisk data;Overflade, Anodisering af aluminiumplade;6.11931;#G1298;-;-;1;M2;1
#G0144;Generisk data;Overflade, Pulverlakering (Industri, udendørs, hvid);4.73516;1.04568;-;-0.321226;1;KG;1
#G0147;Generisk data;Beslag, stålvindue;9.27171;-;#G0204;#G0204;1;STK;2.63
#G0148;Generisk data;Armeringsnet;0.683355;-;#G0204;#G0204;1;KG;1
#G0149;Generisk data;Afretningslag, hårdt plast;0.3311;-;0.0163697;-;1;KG;1
#G0151;Generisk data;Boksventilator 10.000 m³/h,;343.014;4.80918;0.0398429;-205.411;1;STK;68
#G0158;Generisk data;Grus 2-32 mm, tørret;0.0332595;0.00733722;-;-0.00205398;1;KG;1
#G0161;Generisk data;Polystyren skumfyldning (uden bindemiddel);48.8671;55.4102;-;-23.208;1;M3;15
#G0164;Generisk data;Oliekedel, lav temperatur, 20-120 kW;1287.48;19.0828;1.59552;-223.013;1;STK;354
#G0171;Generisk data;Fibercementplade;6.993;-;0.195072;-;1;M2;13
#G0173;Generisk data;Ekspanderet glasgranulat;0.273532;-;#G0912;-;1;KG;1
#G0174;Generisk data;Rør, Kloakrør PVC;2.8225;3.01298;-;-0.66727;1;KG;1
#G0177;Generisk data;Gaskedel, kondenserende, < 20 kW;446.213;9.15866;0.638208;-63.1364;1;STK;118
#G0181;Generisk data;EPDM skum (rørisolering);245.125;137.702;-;-69.5688;1;M3;55
#G0184;Generisk data;Vindueskarm, aluminium;15.7712;0.693459;-;-9.51688;1;M;1.43
#G0187;Generisk data;Stokerfyr  20-120 KW;2218.21;5.08292;1.80285;-998.687;1;STK;921
#G0191;Generisk data;Kalkcementpuds;356.634;-;27.01;-;1;M3;1800
#G0193;Generisk data;Grus 16/32 (tørret);0.0342735;0.00672578;-;-0.00205398;1;KG;1
#G0199;Generisk data;Fjernvarmeanlæg;4.7708;0.20703;0.00917947;-1.22993;1;KG;1
#G0203;Generisk data;Grå støbejern;1.63536;-;#G0204;#G0204;1;KG;1
#G0204;Generisk data;Stålprofil, Genanvendelse;-;-;0.00068207;-393;1;KG;1
#G0206;Generisk data;Messing;1.38566;#G1298;-;-;1;KG;1
#G0207;Generisk data;Rør, Regnvandsrør, PVC;2.42826;3.01298;-;-0.66727;1;KG;1
#G0210;Generisk data;Rude, 2-lags;36.9941;1.51738;0.327394;-0.702716;1;M2;20.05
#G0214;Generisk data;Bære-/slidlag, Asfalt;0.0789355;0;-;-0.0263052;1;KG;1
#G0217;Generisk data;Kalkpuds;407.986;-;27.01;-;1;M3;1800
#G0219;Generisk data;Rør til el-varmepumpe (lodret jordvarme, saltvand), probe, 10 kW;614.302;0;-;-;1;STK;188.8
#G0221;Generisk data;Træ, lærk;-907.564;1186.9;-;-314.259;1;M3;660.8
#G0224;Generisk data;Rør til el-varmepumpe (lodret jordvarme, saltvand), probe, 20 kW;6027.13;0;-;-;1;STK;551.5
#G0226;Generisk data;Overflade, Pulver coating af metal;4.09796;0.205333;-;-0.0578208;1;M2;0.18
#G0229;Generisk data;Overflade, trævinduer, hvid grunder;1.82186;0.784673;-;-0.243853;1;KG;1
#G0235;Generisk data;Blyplader;1.28344;#G1298;-;-;1;KG;1
#G0239;Generisk data;Buffertank, rustfast stål;4.05831;0.663445;-;-1.20298;1;KG;1
#G0242;Generisk data;Porebeton 474 kg/m³, armeret;263.192;3.36101;-;-1.02642;1;M3;500
#G0245;Generisk data;Facadeklinker;541.904;13.4516;-;-4.10796;1;M3;2000
#G0248;Generisk data;Kalk, malet;1.44393;#G0789;-;-;1;KG;1
#G0252;Generisk data;Difluormethan (R32);5.22467;#G1298;-;-;1;KG;1
#G0253;Generisk data;Gas varmepumpe (luft) 20-70 kW;362.364;10.373;6.32349;-207.236;1;STK;156.82
#G0257;Generisk data;Gaskedel, kondenserende, 120-400 kW;2842.15;71.5794;1.80384;-507.684;1;STK;937
#G0261;Generisk data;Papiruldsplader;-19.9935;176.145;-;-69.6378;1;M3;80
#G0264;Generisk data;Phenolplast, stift skum (PF);87.3203;90.0279;-;-31.9992;1;M3;40
#G0267;Generisk data;Rør, Kloakrør HDPE;2.09831;3.45444;-;-1.70559;1;KG;1
#G0270;Generisk data;Kunststenplade (bundet af epoxyharpiks);28.3505;0.381535;-;-0.106807;1;M2;52
#G0273;Generisk data;Elevator (grundkomponenter pr. STK.);5193;37.3937;4.88271;-1579.64;1;STK;1603
#G0284;Generisk data;Sanitetskeramik;2.80282;0.0163697;-;-;1;KG;1
#G0289;Generisk data;Ventilationsanlæg decentraliseret (væg & loft) 60 m3 / h;4.08676;1.2972;0.0180285;-1.38003;1;STK;878
#G0296;Generisk data;Radiator, stålplade;4.44802;0.000818484;-;-1.55923;1;KG;1
#G0299;Generisk data;EPDM-tætning til aluminiumsprofil, med kuldebroafbrydelse;1.38151;1.34947;1.34869;-1.4583;1;M;0.43
#G0303;Generisk data;Klordifluormethan (R22);4.75856;-;1.77483;-0.212757;1;KG;1
#G0306;Generisk data;Papiruldsisolering, løsfyld;-73.3725;99.0818;-;-30.5055;1;M3;45
#G0309;Generisk data;PUR fugemasse;5.33286;2.65674;-;-0.944422;1;KG;1
#G0312;Generisk data;LPG tank 6400 l / t 2,9 (overjordiske);3107.97;0.957626;-;-1824.3;1;STK;1170
#G0315;Generisk data;Vinduesramme, aluminium;17.055;0.58799;-;-10.4202;1;M;1.51
#G0318;Generisk data;Overflade, Træmaling, udendørs, dækkende (topcoat-system);2.74094;0.836874;-;-0.261171;1;KG;1
#G0321;Generisk data;Sand 0-2 mm, tørret;0.0332595;0.00733722;-;-0.00205398;1;KG;1
#G0324;Generisk data;Overflade, Parket lak transparent;3.4614;0.912953;-;-0.256981;1;KG;1
#G0327;Generisk data;EVA-tagmembran;5.12518;7.9699;-;-3.60722;1;M2;2
#G0330;Generisk data;Betonmursten;242.351;13.4516;-;-4.10796;1;M3;2000
#G0333;Generisk data;Aluminiumsprofil;10.677;-;#G0500;#G0500;1;KG;1
#G0334;Generisk data;Skærver 16-32 mm;0.014695;0.00672578;-;-0.00205398;1;KG;1
#G0337;Generisk data;Fugemasse, Silikone;7.26875;1.51829;-;-0.702716;1;KG;1
#G0340;Generisk data;Keramikfliser, u-glaseret;6.85115;0.146744;-;-0.0410796;1;M2;20
#G0343;Generisk data;Ventilationsaggregat m. varmegenvinding 1000 m3 / h;372.133;0.611164;0.0901424;-212.093;1;STK;99.1
#G0352;Generisk data;Fugemasse, Acryl;3.03501;2.19227;-;-1.01503;1;KG;1
#G0355;Generisk data;Puds, gips-kalk;119.397;-;13.505;-;1;M3;900
#G0358;Generisk data;Ekspanderet skifer;0.341109;#G0789;-;-;1;KG;1
#G0359;Generisk data;Boksventilator 5.000 m³/h;217.047;3.04278;0.0251497;-130.012;1;STK;43
#G0363;Generisk data;Lerrør, glaseret, DN 400;51.5194;1.12871;-;-0.291665;1;M;142
#G0366;Generisk data;Kork, expanderet;-96.9007;151.505;-;-38.8339;1;M3;80
#G0369;Generisk data;Kertotræ (LVL);-465.421;896.177;-;-30.4837;1;M3;465.7
#G0372;Generisk data;Cirkulationspumpe 50-250 W;26.4569;0.86599;0.0450712;-5.06214;1;STK;4.94
#G0376;Generisk data;Tetrafluorethan (R134a);8.38634;#G1298;-;-;1;KG;1
#G0377;Generisk data;Tetrafluorpropen (R1234ze);6.12734;#G1298;-;-;1;KG;1
#G0384;Generisk data;Mørtel, cementmørtel;345.107;-;29.3017;-;1;M3;2000
#G0386;Generisk data;Buffertank, stål;3.1687;0.663445;-;-1.42578;1;KG;1
#G0389;Generisk data;Ventilationskanal, galvaniseret stål;3.04722;0.00163697;-;-1.58648;1;KG;1
#G0392;Generisk data;Beslag til dreje-kip vinduer (aluminium);12.3655;-;#G0763;#G0763;1;STK;1.647
#G0393;Generisk data;Byggepap;-0.0897286;0.162065;-;-0.0579045;1;M2;0.08
#G0396;Generisk data;Rør til el-varmepumpe (lodret jordvarme, saltvand), collector, 70 kW;2541.8;0;-;-;1;STK;987
#G0401;Generisk data;Rør til el-varmepumpe (vand-vand) 20 kW;174.764;0.0147327;-;-28.0661;1;STK;48
#G0404;Generisk data;Hørfiberdug;16.0445;86.1825;-;-12.0031;1;M3;38
#G0407;Generisk data;Træ, egetræ (12% fugt / 10,7% H2O);-1063;1287.83;-;-341.221;1;M3;716.8
#G0410;Generisk data;Støbeasfalt;0.0972808;0;-;-0.0263052;1;KG;1
#G0413;Generisk data;Ventilationsaggregat m. varmegenvinding 5000 m3 / h;1460.38;1.77427;0.180285;-881.899;1;STK;367.94
#G0420;Generisk data;Betontrappe, etagehøj;312.836;13.9419;-;-3.90288;1;STK;1965
#G0423;Generisk data;ECB-plast tagmembran, ifølge DIN 16729 (med PES-filt);8.23049;7.04063;-;-3.2606;1;M2;2.32
#G0429;Generisk data;Solvarmekollektor, vakuumrør;109.581;2.33419;-;-38.8375;1;M2;29.5
#G0432;Generisk data;Rør til el-varmepumpe (vand-vand) 10 kW;136.135;0.0147327;-;-28.0661;1;STK;33
#G0435;Generisk data;Varmepumpe, vand-vand, 70 kW;553.729;13.6581;0.0300174;-307.478;1;STK;199.22
#G0439;Generisk data;Bitumenemulsion (40% bitumen, 60% vand);0.356326;0;0.0859383;-;1;KG;1
#G0442;Generisk data;Curtain wall profiler, stål;36.6271;3.42169;-;-14.8223;1;M;9.48
#G0445;Generisk data;Kuldioxid (R744);1.0753;#G1298;-;-;1;KG;1
#G0446;Generisk data;Slaggebeton, sten;352.838;10.2721;-;-2.87557;1;M3;1400
#G0449;Generisk data;Stenmel 0/2;0.014695;0.00672578;-;-0.00205398;1;KG;1
#G0452;Generisk data;Aluminiumsplade;10.4617;-;#G0500;#G0500;1;KG;1
#G0453;Generisk data;Rulletrappe (komponenter, som er afhængige af højden);2467.1;27.2787;-;-1251.37;1;STK;800
#G0456;Generisk data;Stål, Smedestål;2.80793;-;#G0204;#G0204;1;KG;1
#G0457;Generisk data;Cementbundet spånplade;1694.15;279.382;-;-84.6451;1;M3;1200
#G0460;Generisk data;Elevator (komponenter pr. etage);969.289;0.295179;-;-493.136;1;STK;333
#G0463;Generisk data;Glasfiber-forstærket plast, polyester (30% fiberandel);3.73108;1.59357;-;-0.737851;1;KG;1
#G0466;Generisk data;Cirkulationspumpe 250-1000 W;132.285;4.32995;0.225356;-25.3107;1;STK;24.7
#G0470;Generisk data;Rør, Afløbsrør, ABS;4.40853;2.55257;-;-1.4943;1;KG;1
#G0473;Generisk data;Rør, Brugsvandsrør, PEX;4.10333;3.76848;-;-1.70559;1;KG;1
#G0476;Generisk data;Stålplade (0,3-3,0mm);2.42761;-;#G0122;#G0122;1;KG;1
#G0477;Generisk data;Gulvvarmesystem inkl. isolering, Kobber (100 mm afstand);22.3208;3.17258;-;-6.79116;1;M2;5.07
#G0483;Generisk data;Kølemiddel (R410a);8.06324;#G1298;-;-;1;KG;1
#G0484;Generisk data;Ammoniak (R717);2.49446;#G1298;-;-;1;KG;1
#G0487;Generisk data;Overflade, Opløsningsmiddelbaseret lak, hvid;2.95014;0.68517;-;-0.192736;1;KG;1
#G0490;Generisk data;Fiberdug, PE / PP;1.26052;1.88424;-;-0.852793;1;M2;0.05
#G0493;Generisk data;Overflade, Facademaling, grunder, silikat;0.900033;-;0.0150055;-0.010823;1;KG;1
#G0496;Generisk data;Rør, polypropylen (PP);2.61984;3.22333;-;-1.46545;1;KG;1
#G0499;Generisk data;Stålplade (20 mikrometer galvaniseret);2.67628;-;#G0122;#G0122;1;KG;1
#G0500;Generisk data;Aluminium, plade og profil, Genanvendelse;-;-;0.00068207;-8.26778;1;KG;1
#G0502;Generisk data;Overflade, Metalcoating (vandbaseret);2.09554;0.248242;-;-0.0698668;1;M2;0.29
#G0505;Generisk data;Skorsten stål (enkelt væg);4.02074;0.000818484;-;-1.27358;1;KG;1
#G0511;Generisk data;Vinduesramme, plast;9.24199;4.82076;-;-3.42906;1;M;3.01
#G0514;Generisk data;Mineraluld, stenuld, teknisk pladeisolering;196.032;0.0163697;-;-;1;M3;146.4
#G0516;Generisk data;Porebeton 380 kg/m³;182.392;2.5558;-;-0.780513;1;M3;380
#G0519;Generisk data;Folie, PE-HD med PP-fiberdug;3.21161;4.84274;-;-2.19178;1;M2;1.03
#G0522;Generisk data;Pimpsten, grus;0.00871442;#G0789;-;-;1;KG;1
#G0523;Generisk data;Curtain wall facade med 3-lags ruder, aluminium;121.145;6.20355;0.420155;-37.0598;1;M2;16.05
#G0530;Generisk data;Solcelleanlæg 1000 kWh / m2*a;296.686;-;12.1364;-36.2013;1;M2;9
#G0533;Generisk data;HPL- plade;-385.54;1978.67;-;12.1285;1;M3;1400
#G0536;Generisk data;Træ, gran (12% fugt / 10,7% H2O);-693.836;876.037;-;-238.748;1;M3;481.6
#G0543;Generisk data;Lerpuds;93.1477;2.80641;-;-3.89165;1;M3;900
#G0546;Generisk data;Vinduesprofil, karm, alu. pulverlak.;13.0541;-;#G0500;#G0500;1;M;1.02
#G0547;Generisk data;Kondenserende gaskedel <20 kW (væg enhed);243.628;7.05425;0.512009;-59.3075;1;STK;43
#G0551;Generisk data;Stålplade, rustfri;3.42727;-;#G0763;#G0763;1;KG;1
#G0552;Generisk data;Plast profil CR (chloropren gummi);6.35686;3.56146;-;-1.52255;1;KG;1
#G0555;Generisk data;Stålrør, gevindrør;2.51374;0.00150055;-;-1.55923;1;KG;1
#G0558;Generisk data;Asfalt, bærelag;0.0711519;0;-;-0.0263052;1;KG;1
#G0561;Generisk data;Grunder, silikat dispersion;0.579701;-;0.0163697;-;1;KG;1
#G0563;Generisk data;"Overflade, Parket lak (primer til træ; fortyndet med vand)";1.81695;0.912953;-;-0.256981;1;KG;1
#G0566;Generisk data;LPG tank 4850 l / 2,1 t (underjordisk);3084.11;78.1327;-;-1735.34;1;STK;1116.7
#G0572;Generisk data;Polybutadiene rør (PB);4.10241;3.22333;-;-1.46545;1;KG;1
#G0575;Generisk data;Anhydrit mix;0.0892567;#G0789;-;-;1;KG;1
#G0576;Generisk data;Perlite 0-1 mm;0.522459;#G0789;-;-;1;KG;1
#G0577;Generisk data;Tagsten, tegl;15.8784;0.30266;-;-0.0924292;1;M2;45
#G0580;Generisk data;Pimpsten 0-4 mm;0.00869385;#G0789;-;-;1;KG;1
#G0581;Generisk data;Overflade, Facademaling, silikoneharpiks;1.25633;0;0.0150055;-0.00967088;1;KG;1
#G0592;Generisk data;Træ, ceder;-809.968;1037.52;-;-282.581;1;M3;571
#G0595;Generisk data;Gummigulve med skumbagside EN 1816;13.22;10.9893;-;-6.47756;1;M2;3.82
#G0598;Generisk data;Varmepumpe, vand-vand, 10 kW;284.922;5.22458;0.0300174;-173.463;1;STK;104.2
#G0602;Generisk data;Varmepumpe (luft-vand) 10 kW;458.991;30.0855;4.28176;-241.521;1;STK;134
#G0606;Generisk data;Overflade, Kalkmaling;0.924854;-;0.0163697;-;1;KG;1
#G0608;Generisk data;Gummitætning;3.6402;3.03476;-;-1.40543;1;KG;1
#G0611;Generisk data;Rør, Kloakrør PP;2.61984;3.45444;-;-1.70559;1;KG;1
#G0614;Generisk data;Plastplade, transparent, PMMA støbte;6291.42;2889.91;-;-1139.6;1;M3;1190
#G0617;Generisk data;Naturstenplade, blød, facade;16.231;0.699482;-;-0.213614;1;M2;104
#G0620;Generisk data;Rør til el-varmepumpe (lodret jordvarme, saltvand), probe, 70 kW;1804.28;0;-;-;1;STK;1843.4
#G0622;Generisk data;Mørtel, fliseklæber;0.347032;-;0.0163697;-0.00285525;1;KG;1
#G0625;Generisk data;Aluminiumsfolie (d=0,1 mm);3.11981;-;#G0500;#G0500;1;M2;0.28
#G0626;Generisk data;Træbetonplade;-29.3699;317.455;-;-113.794;1;M3;360
#G0629;Generisk data;Plastprofil, silikone;6.85795;1.0128;-;-0.468477;1;KG;1
#G0632;Generisk data;Polyurethanskum (rørisolering);200.718;2.73128;-;-1.26489;1;M3;30
#G0635;Generisk data;Nylonstøbning (PA 6.6);10.6619;2.87643;-;-1.08716;1;KG;1
#G0638;Generisk data;Grus, 2-15 mm, tørret;0.0342735;0.00672578;-;-0.00205398;1;KG;1
#G0644;Generisk data;Beslag til lodrette skydevinduer;11.591;-;#G0763;#G0763;1;STK;0.93
#G0645;Generisk data;Puds, kalk-gips, inde;198.85;-;13.505;-;1;M3;900
#G0647;Generisk data;Melamin-skum;6.5813;1.43404;-;-0.663676;1;KG;1
#G0650;Generisk data;Polystyren granulat (cementbundet);160.083;103.432;-;-43.3217;1;M3;350
#G0656;Generisk data;Polycarbonatplade;5.93594;3.32856;-;-1.14044;1;KG;1
#G0659;Generisk data;Gulvvarmesystem inkl. isolering, PP (100 mm afstand);6.13759;6.68108;-;-2.78435;1;M2;1.09
#G0662;Generisk data;Ventilationsaggregat m. varmegenvinding 10 000 m3 / h;2815.96;3.47325;0.270427;-1717.02;1;STK;703.94
#G0666;Generisk data;LPG tank 2700 l / 1,2 t (underjordisk);2135.85;54.2252;-;-1202.05;1;STK;773.33
#G0673;Generisk data;Bindelag;0.0778388;0;-;-0.0263052;1;KG;1
#G0679;Generisk data;Vinduesramme, pulverlakeret aluminium;12.5422;-;#G0500;#G0500;1;M;0.98
#G0680;Generisk data;EPDM-tætning til aluminiumsprofil;0.578307;0.564894;0.564566;-0.610451;1;M;0.18
#G0684;Generisk data;Skortsten polypropylen (PP);2.50046;2.73128;-;-1.26489;1;KG;1
#G0687;Generisk data;Polyethylen-skum;3.05545;3.98495;-;-1.80361;1;KG;1
#G0690;Generisk data;Regnvandsrør, støbejern;0.722883;-;#G0204;#G0204;1;KG;1
#G0691;Generisk data;Kalciumsilikatplade;550.399;1.65087;-;-0.462146;1;M3;225
#G0698;Generisk data;Sand 0-2 mm;0.00285398;0.00672578;-;-0.00205398;1;KG;1
#G0701;Generisk data;Spånplade;-873.594;1268.47;-;-2.93429;1;M3;700
#G0704;Generisk data;Solvarmekollektor, plan;104.039;1.17626;-;-57.2425;1;M2;18.27
#G0707;Generisk data;Lersten;93.6405;4.0537;-;-1.76256;1;M3;1200
#G0710;Generisk data;Mineraluld, løsfyld;64.0233;1.24651;0.690596;-;1;M3;50
#G0713;Generisk data;Hampfiberdug;19.1569;86.1825;-;-12.0031;1;M3;38
#G0716;Generisk data;Vindueskarm, plast;8.25055;3.91687;-;-3.22888;1;M;2.08
#G0719;Generisk data;Gulvvarmesystem inkl. isolering, Kobber (200 mm afstand);12.979;3.16865;-;-4.05503;1;M2;3.03
#G0722;Generisk data;Gipspulver, Alpha-halvhydrat;0.261835;-;0.0163697;-;1;KG;1
#G0729;Generisk data;Mineraluld, stenuld, rørskål;317.952;0.0163697;-;-;1;M3;151
#G0731;Generisk data;Støbeasfalt;0.11688;0;0.0793276;-;1;KG;1
#G0734;Generisk data;Bitumenklæber;0.61328;0;0.0859383;-;1;KG;1
#G0737;Generisk data;Plastplade, transparent, PVC;3996.11;4010;-;-814.07;1;M3;1220
#G0740;Generisk data;Betonrør, armeret;0.141743;0.00721909;-;-0.00202091;1;KG;1
#G0743;Generisk data;Ler, stampet ler;9.34931;6.75616;-;-2.93761;1;M3;2000
#G0746;Generisk data;Porebeton granulat;5.28468;2.69031;-;-0.821592;1;M3;400
#G0754;Generisk data;Solafskærmning, polyethylenterephthalat (PET);4.194;1.10342;-;-0.335872;1.25077;M2;0.04
#G0757;Generisk data;Solafskærmning, aluminiumslameller;23.6353;-;#G0500;#G0500;1;M2;2.391
#G0760;Generisk data;Mørtel, armeringsmørtel, kunstharpiks spartelmasse;0.476923;0;0.0163697;-;1;KG;1
#G0763;Generisk data;Rustfri stål, genanvendelse;-;-;0.00068207;-2.66377;1;KG;1
#G0765;Generisk data;Affald, træ, forbrænding fjernvarme;-;1.82315;-;-0.685639;1;KG;1
#G0767;Generisk data;Stål, varmvalset plade, 2-20 mm;2.67628;-;#G0122;#G0122;1;KG;1
#G0768;Generisk data;Stål, Varmgalvaniseret stålplade;16.3885;-;#G0122;#G0122;1;M2;5.72
#G0769;Generisk data;Kalkcementmørtel;202.003;-;29.4654;-;1;M3;1800
#G0771;Generisk data;Oliekedel, lav temperatur, 120-400 kW;3035.05;53.6451;1.80285;-626.817;1;STK;992
#G0775;Generisk data;Brugsvandsrør, rustfast stål;3.55922;-;#G0763;#G0763;1;KG;1
#G0776;Generisk data;Vandvarmer, el, gennemstrøm, 21 kW;14.7374;4.92449;-;-6.93214;1;STK;3.95
#G0782;Generisk data;Brugsvandsrør, Alu-PEX;7.62125;1.88424;-;-4.79765;1;KG;1
#G0785;Generisk data;Vinduesbeslag, aluminium;8.73468;-;#G0763;#G0763;1;STK;1.014
#G0786;Generisk data;Dampspærre PA;0.707438;0.219924;-;-0.0874466;1;M2;0.08
#G0789;Generisk data;Oparbejdning af byggeaffald;-;0.002663;-;-;1;KG;1
#G0790;Generisk data;Puds, syntetisk harpiks;1201.64;-;25.5094;-;1;M3;1700
#G0792;Generisk data;Varmepumpe (luft-vand) 14kW;642.587;42.1198;5.99447;-338.129;1;STK;187.6
#G0796;Generisk data;Pillefyr, 20-120 kW;2329.17;3.29897;1.80285;-1021.95;1;STK;833
#G0800;Generisk data;Rulletrappe (grundkomponenter pr. trappe);12715.1;105.496;4.88271;-5674.33;1;STK;4076
#G0804;Generisk data;Brugsvandsrør, PEX-Alu-PEX;7.79468;3.0242;-;-2.92695;1;KG;1
#G0807;Generisk data;Brugsvandsrør, PB;3.99847;3.90707;-;-1.62827;1;KG;1
#G0810;Generisk data;Træprodukter, affaldsforbrænding;-;1.80183;-;-0.523199;1;KG;1
#G0812;Generisk data;Perlite 0-3 mm;0.558289;#G0789;-;-;1;KG;1
#G0813;Generisk data;Lithiumbromid;8.08139;-;9.23499;-;1;KG;1
#G0815;Generisk data;LPG tank 6400 l / 2,9 t (underjordisk);3839.02;97.3728;-;-2159.91;1;STK;1390
#G0818;Generisk data;XPS isolering;96.3403;118.208;-;-49.5105;1;M3;32
#G0821;Generisk data;Lim til gipsplader;0.103165;-;0.0150055;-;1;KG;1
#G0827;Generisk data;Plastplade, transparent, PMMA ekstruderet;5756.79;2889.91;-;-1139.6;1;M3;1190
#G0833;Generisk data;Vindueskarm, træ;-0.369776;4.03683;-;-1.62212;1;M;2.11
#G0839;Generisk data;Ler pulver;0.349057;0.00337808;-;-0.0014688;1;KG;1
#G0842;Generisk data;Skorsten opmuret (2 rør);47.4265;3.20127;-;-;1;M;195.6
#G0844;Generisk data;Rør til el-varmepumpe (lodret jordvarme, saltvand), collector, 20 kW;726.23;0;-;-;1;STK;282
#G0846;Generisk data;Grus 2-32 mm;0.00285398;0.00672578;-;-0.00205398;1;KG;1
#G0849;Generisk data;Rulleskodder, PVC;23.4651;12.0519;-;-10.0487;1;M2;6.24
#G0852;Generisk data;El-varmepumpe (lodret jordvarme, saltvand) 10 kW;338.947;4.35298;0.0300174;-156.278;1;STK;139
#G0856;Generisk data;Grunder til silikonespuds;0.692053;-;0.0163697;-;1;KG;1
#G0858;Generisk data;PVC gulvbelægning;8.191;10.8467;-;-2.20199;1;M2;3.03
#G0861;Generisk data;Læsket kalk, pulver;1.09784;#G0789;-;-;1;KG;1
#G0862;Generisk data;Træfiberisoleringsplade (våd proces);-182.182;334.691;-;-88.6621;1;M3;160
#G0865;Generisk data;Vindueshåndtag;0.957379;0.251996;-;-0.109308;1;STK;0.01
#G0868;Generisk data;Gaskedel, kondenserende, 20-120 kW;1104.19;22.6536;1.57929;-157.721;1;STK;292
#G0872;Generisk data;Stålprofil;0.994444;-;#G0204;#G0204;1;KG;1
#G0873;Generisk data;Kondenserende gaskedel 120-400 kW (standalone enhed);3422.37;161.496;1.80285;-1357.73;1;STK;974
#G0877;Generisk data;Overflade, Indendørsmaling, emulsions maling, slidstærk;2.62123;-;0.0150055;-0.010823;1;KG;1
#G0880;Generisk data;Kalciumsulfat;0.107014;-;0.0150055;-;1;KG;1
#G0882;Generisk data;Varmepumpe, vand-vand, 20 kW;284.32;5.22458;0.0300174;-173.463;1;STK;104
#G0890;Generisk data;Lerrør, glaseret, DN 250;26.2848;0.405381;-;-0.104753;1;M;51
#G0896;Generisk data;Vinduesramme, træ;-0.147349;4.03685;-;-1.61135;1;M;2.11
#G0899;Generisk data;Træ, fyrretræ (12% fugt / 10,7% H2O);-783.129;985.049;-;-260.334;1;M3;548.8
#G0902;Generisk data;Cirkulationspumpe < 50 W;13.2285;0.432995;0.0225356;-2.53107;1;STK;2.47
#G0906;Generisk data;Overflade, Vinduesmaling, hvid;1.82186;0.784673;-;-0.243853;1;KG;1
#G0909;Generisk data;LPG tank 2700 l / t 1,2 (overjordiske);1720.01;0.433551;-;-825.924;1;STK;648
#G0912;Generisk data;Affald, inert, deponering (glas);-;-;0.0136414;-;1;KG;1
#G0913;Generisk data;LPG tank 4850 l / 2,1t (overjordiske);2762.64;0.851223;-;-1621.6;1;STK;1040
#G0916;Generisk data;PIR-skum, høj densitet (250 kg/m3);781.381;644.627;-;-249.994;1;M3;250
#G0919;Generisk data;El-varmepumpe (lodret jordvarme, saltvand) 20 kW;1997.42;4.35299;0.0300174;-156.292;1;STK;1498.05
#G0923;Generisk data;Oliekedel, lav temperatur, <20 kW;803.765;11.9181;0.946495;-139.23;1;STK;221
#G0927;Generisk data;Gulvvarmesystem inkl. isolering, PEX (200 mm afstand);5.6924;4.9229;-;-2.05162;1;M2;1.04
#G0930;Generisk data;Kalksandsten;306.119;13.4516;-;-4.10796;1;M3;2000
#G0933;Generisk data;Singels 2-15 mm;0.014695;0.00672578;-;-0.00205398;1;KG;1
#G0936;Generisk data;Gulvvarmesystem inkl. isolering, PP (200 mm afstand);4.88738;4.9229;-;-2.05162;1;M2;1.04
#G0939;Generisk data;Kølemiddel (R407c);8.38122;#G1298;-;-;1;KG;1
#G0940;Generisk data;Sand, knust, tørret;0.0342735;0.00672578;-;-0.00205398;1;KG;1
#G0943;Generisk data;Plastplade, transparent, PC;6131.21;3661.42;-;-1368.53;1;M3;1200
#G0946;Generisk data;CR-profil til forsejling (chloropren gummi);0.895329;0.555074;-;-0.276832;1;M;0.18
#G0949;Generisk data;Gipskartonplade 13 mm, hulplade;1.36406;-;0.127547;-;1;M2;8.05
#G0951;Generisk data;Bomuld;-0.780289;2.20182;-;-0.722834;1;KG;1
#G0954;Generisk data;Glasbyggesten;3926.96;-;44.3346;-;1;M3;2500
#G0956;Generisk data;Aluminium, støbegods;10.9481;-;#G0500;#G0500;1;KG;1
#G0957;Generisk data;Stokerfyr 120-400 kW;7141.52;18.7887;1.80285;-3691.63;1;STK;3399
#G0961;Generisk data;Curtain wall profiler, aluminium;55.1564;3.42169;-;-35.6544;1;M;5.07
#G0964;Generisk data;Plast profil SBR;4.20151;3.1383;-;-1.6957;1;KG;1
#G0970;Generisk data;Overflade, træfacade, semi-pigmenteret lasursystem;2.7365;0.836874;-;-0.261171;1;KG;1
#G0973;Generisk data;Porebeton 472 kg/m³;222.605;3.17457;-;-0.969479;1;M3;472
#G0976;Generisk data;Rør til el-varmepumpe (lodret jordvarme, saltvand), collector, 10 kW;363.115;0;-;-;1;STK;141
#G0978;Generisk data;Skærvemastisk asfalt (SMA);0.0765834;0;-;-0.0263052;1;KG;1
#G0984;Generisk data;Glas 4 mm;13.3289;-;0.163697;-;1;M2;10
#G0986;Generisk data;Kondenserende gaskedel <20 kW (standalone enhed);753.547;21.8182;1.5829;-183.436;1;STK;133
#G0990;Generisk data;Overflade, Metal maling (opløsningsmiddelbaseret);2.28622;0.143886;-;-0.0404745;1;M2;0.21
#G0993;Generisk data;Lithium jernfosfat (LiFePO4) batteri (1 kWh lagring);241.48;-;22.5933;-35.2863;1;STK;23.03
#G0996;Generisk data;Kondenserende gaskedel 20-120 kW (standalone enhed);1268.3;46.7263;1.80285;-392.75;1;STK;283
#G1000;Generisk data;Overflade, Vandbaseret lak, hvid;2.01226;0.856007;-;-0.24092;1;KG;1
#G1003;Generisk data;Betonrør, u-armeret;0.132191;0.00733722;-;-0.00205398;1;KG;1
#G1006;Generisk data;PVC plastisol;2.43275;2.73937;-;-0.556058;1;KG;1
#G1009;Generisk data;Pellet-kedel, <20 kW;1168.47;1.31871;1.80285;-409.511;1;STK;335
#G1013;Generisk data;Rørgods;1.77322;#G1298;-;-;1;KG;1
#G1018;Generisk data;Overflade, Facademaling, silikat;0.865769;-;0.0150055;-0.010823;1;KG;1
#G1021;Generisk data;Puds, gips;134.173;-;13.505;-;1;M3;900
#G1023;Generisk data;Afretningslag, cementbaseret;0.183551;-;0.0150055;-;1;KG;1
#G1025;Generisk data;Varmepumpe, jordvarmesonde, 10 kW;855.755;4.35299;0.0300174;-156.292;1;STK;563
#G1032;Generisk data;Urea formaldehyd skum isolering;2.88236;1.87588;-;-0.666651;1;KG;1
#G1035;Generisk data;Træbrædder, bøg (12% fugtighed / 10,7% H2O);-1093.21;1328.2;-;-352.468;1;M3;739.2
#G1038;Generisk data;Overflade, Vinduesmaling, mellemlag dækkende hvid;1.78204;0.784673;-;-0.243992;1;KG;1
#G1041;Generisk data;Kalkpuds, tørstof;190.611;-;13.505;-;1;M3;900
#G1043;Generisk data;Varmepumpe, jordvarmeslange, 20 kW;392.972;4.35298;0.0300174;-156.278;1;STK;184.2
#G1047;Generisk data;Varmepumpe, jordvarmeslange, 70 kW;931.906;11.4808;0.0300174;-267.738;1;STK;488.9
#G1051;Generisk data;Bomuld, økologisk;-0.553836;2.20182;-;-0.722834;1;KG;1
#G1054;Generisk data;Affald (forbrænding), kunststof, fjernvarme;-;2.52745;-;-1.40543;1;KG;1
#G1056;Generisk data;Propan (R290);0.556878;#G1298;-;-;1;KG;1
#G1057;Generisk data;Aircondition (direkte fordamper) (per 1 kW);45.7792;3.03977;0.428176;-24.1576;1;STK;13.04
#G1061;Generisk data;Overflade, Facademaling, akryl maling;1.48132;-;0.0150055;-0.0101248;1;KG;1
#G1064;Generisk data;Skorsten opmuret (1 rør);23.8032;1.60914;-;-;1;M;98.3
#G1066;Generisk data;Stokerfyr  <20 KW;1642.03;3.47892;1.80285;-683.535;1;STK;631
#G1070;Generisk data;Kølemiddel (R404a);9.48597;#G1298;-;-;1;KG;1
#G1071;Generisk data;Beslag til vandrette skydevinduer;5.75046;-;#G0763;#G0763;1;STK;696
#G1072;Generisk data;Tagpap, bitumen toplag, ikke skiferbestrøet;5.35539;0;0.413297;-;1;M2;5.21
#G1075;Generisk data;Rude (3-lags);57.7726;3.03476;0.49109;-1.40543;1;M2;30
#G1079;Generisk data;Gummigulve profileret EN 12199;12.884;13.866;-;-8.17326;1;M2;4.82
#G1082;Generisk data;Naturstenplade, blød, gulv;14.9203;0.349741;-;-0.106807;1;M2;52
#G1085;Generisk data;Marmorplade (tykkelse 0,02 m);16.2767;0.381535;-;-0.106807;1;M2;52
#G1088;Generisk data;Naturstenplade, hård, gulv;31.7513;0.349741;-;-0.106807;1;M2;52
#G1091;Generisk data;Kork linoleumsgulv (tykkelse 0,0025 m);3.60243;3.58677;-;-0.350728;1;M2;3.01
#G1094;Generisk data;Loftspanel med mineraluld;3.4872;0;0.0360133;-;1;M2;2.04
#G1097;Generisk data;Undertag, PP-membran;0.407157;0.333621;-;-0.164677;1;M2;0.15
#G1100;Generisk data;Gipskartonplade, brandimprægneret;1.54129;-;0.150055;-;1;M2;10
#G1102;Generisk data;Naturstensplade, udendørsbrug;5.73544;1.39896;-;-0.427228;1;M2;208
#G1105;Generisk data;Tagpap, bitumen toplag, skiferbestrøet;5.36407;0;0.491831;-;1;M2;6.02
#G1108;Generisk data;Naturstenplade, hård, facade;32.4057;0.524611;-;-0.160211;1;M2;78
#G1111;Generisk data;Net-forstærket dampspærre PET;0.742035;0.331026;-;-0.100762;1;M2;0.12
#G1114;Generisk data;Keramikfliser, glaseret;6.17969;0.146744;-;-0.0410796;1;M2;20
#G1117;Generisk data;Gips, tørstof (gipskartonplade) (tykkelse 0,025 m);3.11901;-;0.301611;-;1;M2;20.07
#G1119;Generisk data;Gips, tørstof (gipsfiberplade) (tykkelse 0,025 m);7.55456;0;0.361634;-;1;M2;24.07
#G1122;Generisk data;PUR-underlag på PET-flis (tykkelse 0,0005 m);1.06631;0.54176;-;-0.192588;1;M2;0.02
#G1125;Generisk data;Dampspærre PE (tykkelse 0,0002 m);0.399404;0.555951;-;-0.274462;1;M2;0.02
#G1128;Generisk data;Skifer;15.0386;0.201774;-;-0.0616194;1;M2;30
#G1131;Generisk data;Folie til grønt tag;3.54926;4.95155;-;-1.00535;1;M2;1.13
#G1134;Generisk data;Trægulv, stavparket, 22 mm;-15.0494;23.6049;-;-6.36585;1;M2;11.05
#G1139;Generisk data;Dampspærre, bitumen;2.0393;0;0.396638;-;1;M2;5
#G1142;Generisk data;Gipsfiberplade 10 mm;3.18612;0;0.150055;-;1;M2;10
#G1145;Generisk data;Lerplade (tykkelse 0,02 m);0.0530942;0.0436552;-;-0.0205632;1;M2;14
#G1148;Generisk data;Undertag, fiberarmeret PE-membran;0.425628;0.315442;-;-0.14272;1;M2;0.14
#G1151;Generisk data;Tagpap, bitumen undermembran;2.4749;0;0.396638;-;1;M2;5
#G1154;Generisk data;Linoleum gulvbelægning (tykkelse 0,0025 m);-3.24756;3.5866;-;-0.444446;1;M2;3
#G1157;Generisk data;Tagmembran, PVC;6.07292;4.93032;-;-1.00091;1;M2;1.05
#G1160;Generisk data;Korkfliser 8 mm;-6.08412;6.38655;-;-0.665479;1;M2;3.06
#G1163;Generisk data;Fugtisolering, grundmursplade, PE;4.08909;4.14532;-;-2.0467;1;M2;1.02
#G1166;Generisk data;Parket, flerlag (tykkelse 0,01 m);-4.45326;11.8038;-;-2.31635;1;M2;6.05
#G1169;Generisk data;Korkfliser 6 mm;-4.56492;4.84491;-;-0.544943;1;M2;2.07
#G1172;Generisk data;Gips, vægplade (tykkelse 0,1 m);22.3539;-;1.26047;-;1;M2;84
#G1174;Generisk data;Korkfliser 4 mm;-3.04279;3.21527;-;-0.351073;1;M2;1.08
#G1177;Generisk data;Tagfolie EPDM;8.59954;6.79964;-;-3.39139;1;M2;2
#G1180;Generisk data;Gipskartonplade 13 mm, imprægneret;1.62283;-;0.150055;-;1;M2;10
#G1182;Generisk data;Halm;-127;0;134;0;1;M3;100
#G1186;Generisk data;Ovenlyskuppel, plast (komplet ovenlys);45.7;42.5;0.18;-37.1;1;M2;35.2
#G1190;Generisk data;Rytterlys, plast/aluminium (komplet vindue);84.7;10.06;0.0495;-68.6;1;M2;18.08
#G1194;Generisk data;Fladtagsvindue, plast (komplet vindue);226;15.01;0.21;-148;1;M2;72.1
#G1198;Generisk data;Glastag, aluminium (komplet vindue);232;10.06;0.12;-77.4;1;M2;61.8
#G1202;Generisk data;Dør, alu, hoveddør;163.382;10.5204;0.117048;-92.5086;1;M2;47
#G1206;Generisk data;Dør, alu, røgdør;157.17;0.866486;0.238074;-70.2062;1;M2;41
#G1210;Generisk data;Dør, alu, T30/EI30;221.423;0.927273;0.389603;-74.0761;1;M2;55
#G1214;Generisk data;Dør, alu, T90/EI90;351.666;0.927262;0.863448;-84.7245;1;M2;101
#G1218;Generisk data;Dør, industriport;263.69;0.0519;5.71;-121.04;1;M2;88.54
#G1222;Generisk data;Dør, stål, indv/udv/brand/røg mv;135.75;0.0578;1.72;-63.02;1;M2;44.1
#G1226;Generisk data;Mineraluld, alm.;40.3055;0.72123;0.399579;-;1;M3;26.25
#G1229;Generisk data;Mineraluld, facadesystem;70.3915;1.26969;0.703441;-;1;M3;46.25
#G1234;Generisk data;ETICS limning og mineralsk puds (Kratzputz);9.8439;0;0.527835;-;1;M2;35.18
#G1238;Generisk data;Smeltekammergranulat;0;#G0789;-;-;1;KG;1
#G1251;Generisk data;ETICS-limning og belægning af silikatdispersionspuds;5.48029;0;-;-;1;M2;12.48
#G1253;Generisk data;Pimpsten (SFK-4);78.0446;6.6035;-;-1.84858;1;M3;900
#G1256;Generisk data;ETICS-limning og belægning af syntetisk harpikspuds;6.70288;0;0.187209;-;1;M2;12.48
#G1259;Generisk data;Mineraluld, skråtag;46.5164;0.783207;0.455523;-;1;M3;30
#G1266;Generisk data;ETICS limning og mineralsk letpuds;4.73572;0;0.168362;-;1;M2;11.04
#G1270;Generisk data;ETICS limning og mineralsk puds (Dekorputz);7.33681;0;0.258395;-;1;M2;17.04
#G1273;Generisk data;Mineraluld, trykfast til tagsystem;209.503;3.97636;2.203;-;1;M3;145
#G1276;Generisk data;Ekspanderet Ler, sand;0.338274;#G0789;-;-;1;KG;1
#G1278;Generisk data;Mineraluld, terræn;133.91;2.33097;1.29141;-;1;M3;85
#G1287;Generisk data;ETICS limning og silikonepuds;5.48029;0;0.187209;-;1;M2;12.03
#G1292;Generisk data;OSB-plade;-572.706;#G0810;-;#G0810;1;M3;600
#G1294;Generisk data;Spånplade, melaminbelagt;-691.465;#G0810;-;#G0810;1;M3;633.29
#G1295;Generisk data;Parket i massivt træ;-12.0662;#G0765;-;#G0765;1;M2;11.71
#G1296;Generisk data;Træfiberplade, høj densitet, HDF;-854.246;#G0810;-;#G0810;1;M3;849.92
#G1297;Generisk data;Træfiberplade, medium densitet, MDF;-726.358;#G0810;-;#G0810;1;M3;737.5
#G1298;Generisk data;Tom affaldsproces;-;0;-;-;1;KG;1
#G1301;Generisk data;Silikatmaling (indendørs);955;#G0789;-;-;1;KG;1
#G1302;Generisk data;Silikatmaling (udendørs);1.02;#G0789;-;-;1;KG;1
#G1303;Generisk data;Laminatgulv 8 mm;-5.272;13.05;-;-3.649;1;M2;7.45
#G1306;Generisk data;Oliekedel, lav temperatur, kondenserende, < 20 kW;891.1;26.61;1.803;-223.6;1;STK;162
#G1310;Generisk data;Oliekedel, lav temperatur, kondenserende, 20-120 kW;1755;72.67;1.803;-610.8;1;STK;439
#G1314;Generisk data;Oliekedel, lav temperatur, kondenserende, 120-400 kW;5075;249.5;1.803;-2099;1;STK;1504
#G2000;Generisk data;Affald, byggeaffald, deponering (ikke glas);-;-;0.0136414;-;1;KG;1
#G2001;Generisk data;Affald, stenuld høj densitet;-;-;2.46;-5.42;1;M3;155
#G2002;Generisk data;Affald, stenuld lav densitet;-;-;0.62;-1.36;1;M3;39
#G2003;Generisk data;Affald, stenuld middel densitet;-;-;1.52;-3.36;1;M3;96
#G2004;Generisk data;Affald (forbrænding), tekstil, fjernvarme;-;1.73941;-;-0.826165;1;KG;1
#G2005;Generisk data;Affald (forbrænding), polystyren (PS), fjernvarme;-;3.37892;-;-1.54693;1;KG;1
#G2006;Generisk data;Tæppe gulvbelægning (tykkelse 0,006 m);-;4.04533;-;-1.60441;1;M2;1.04
#G2007;Generisk data;Kobberrør (blank);-;0.00136414;-;-1.14005;1;KG;1
#G2008;Generisk data;Kobberrør (coatede);-;0.00136414;-;-1.40501;1;KG;1
#S0001;Standardværdi;Enfamiliehuse, afløb;0.00862601;0.01137399;;-5.62E-03;;;
#S0002;Standardværdi;Enfamiliehuse, vand;0.048312295;0.011687705;0;-0.029396156;;;
#S0003;Standardværdi;Enfamiliehuse, varme, ventilation og køl;0.493994744;0.105666693;0.000338563;-0.197521035;;;
#S0004;Standardværdi;Rækkehuse, afløb;0.0414;0.0486;;-0.020547826;;;
#S0005;Standardværdi;Rækkehuse, vand;0.0244;0.0156;;-0.012336875;;;
#S0006;Standardværdi;Rækkehuse, varme, ventilation og køl;0.4484375;0.0640625;0.000271359;-0.203471116;;;
#S0007;Standardværdi;Etageboliger, afløb;54;66;0;-0.0324;;;
#S0008;Standardværdi;Etageboliger, vand;0.0522;0.0078;0;-0.0282;;;
#S0009;Standardværdi;Etageboliger,varme, ventilation og køl;0.4335;0.0765;0;-0.1683;;;
#S0010;Standardværdi;Kontor, skoler og daginstitutioner, afløb;18;22;;-0.0108;;;
#S0011;Standardværdi;Kontor, skoler og daginstitutioner, vand;48;12;;-0.0192;;;
#S0012;Standardværdi;Kontor, skoler og daginstitutioner, varme, ventilation og køl;0.7224;0.1176;;-0.3528;;;
#S0013;Standardværdi;Øvrige bygninger, afløb;0.0225;0.0275;;-0.0135;;;
#S0014;Standardværdi;Øvrige bygninger, vand;64;16;;-0.0256;;;
#S0015;Standardværdi;Øvrige bygninger, varme, ventilation og køl;0.9374;0.1526;;-0.4578;;;
#P0001;Produktspecifik;Armeringsnet, Celca Steel Service;445;0;0;124;1;KG;