Navn;Deklareret faktor;Deklareret enhed;Massefaktor;A1tilA3;C3;C4;D;Type;Kilde
3-lags-rude;1;M2;30,00;57.77;3.03;0.49;-1.41;Generic Dataset;Bilag 2, tabel 7: Generisk datagrundlag 2023
Affald, byggeaffald, deponering (ikke glas);1;KG;1,00;;;0.01;;Generic Dataset;Bilag 2, tabel 7: Generisk datagrundlag 2023
Affald, inert, deponering (glas);1;KG;1,00;;;0.01;;Generic Dataset;Bilag 2, tabel 7: Generisk datagrundlag 2023
Affald, kunststof, forbrænding fjernvarme;1;KG;1,00;;2.53;;-1.41;Generic Dataset;Bilag 2, tabel 7: Generisk datagrundlag 2023
Affald, stenuld høj densitet;1;M3;155,00;;;2.46;-5.42;Generic Dataset;Bilag 2, tabel 7: Generisk datagrundlag 2023
Affald, stenuld lav densitet;1;M3;39,00;;;0.62;-1.36;Generic Dataset;Bilag 2, tabel 7: Generisk datagrundlag 2023
Affald, stenuld middel densitet;1;M3;96,00;;;1.52;-3.36;Generic Dataset;Bilag 2, tabel 7: Generisk datagrundlag 2023
Affald, træ, forbrænding fjernvarme;1;KG;1,00;;1.82;;-0.69;Generic Dataset;Bilag 2, tabel 7: Generisk datagrundlag 2023
Afretningslag, cementbaseret;1;KG;1,00;0.18;;0.02;;Generic Dataset;Bilag 2, tabel 7: Generisk datagrundlag 2023
Afretningslag, hårdeplast;1;KG;1,00;0.33;;0.02;;Generic Dataset;Bilag 2, tabel 7: Generisk datagrundlag 2023
Aircondition (direkte fordamper) (per 1 kW);1;Pcs;13,40;45.78;3.04;;-24.16;Generic Dataset;Bilag 2, tabel 7: Generisk datagrundlag 2023
Aircondition (direkte fordamper) (per 1 kW), EOL;1;Pcs;13,40;;;0.43;;Generic Dataset;Bilag 2, tabel 7: Generisk datagrundlag 2023
Aluminium, plade og profil, Genanvendelse;1;KG;1,00;;;0.00;-8.27;Generic Dataset;Bilag 2, tabel 7: Generisk datagrundlag 2023
Aluminium, støbegods;1;KG;1,00;10.95;;;;Generic Dataset;Bilag 2, tabel 7: Generisk datagrundlag 2023
Aluminiumsfolie (d=0,1 mm);1;M2;0,28;3.12;;;;Generic Dataset;Bilag 2, tabel 7: Generisk datagrundlag 2023
Aluminiumsplade;1;KG;1,00;10.46;;;;Generic Dataset;Bilag 2, tabel 7: Generisk datagrundlag 2023
Aluminiumsprofil;1;KG;1,00;10.68;;;;Generic Dataset;Bilag 2, tabel 7: Generisk datagrundlag 2023
Ammoniak (R717);1;KG;1,00;2.49;;;;Generic Dataset;Bilag 2, tabel 7: Generisk datagrundlag 2023
Anhydrit mix;1;KG;1,00;0.09;;;;Generic Dataset;Bilag 2, tabel 7: Generisk datagrundlag 2023
Armeringsnet;1;KG;1,00;0.68;;0.00068207;-0.393;Generic Dataset;Bilag 2, tabel 7: Generisk datagrundlag 2023
Asfalt, bærelag;1;KG;1,00;0.07;0.00;;0.03;Generic Dataset;Bilag 2, tabel 7: Generisk datagrundlag 2023
Badekar, bruserbakke, akryl;1;KG;1,00;4.21;3.16;;-1.08;Generic Dataset;Bilag 2, tabel 7: Generisk datagrundlag 2023
Beslag til dreje-kip vinduer (aluminium);1;Pcs;1647,00;12.37;;;;Generic Dataset;Bilag 2, tabel 7: Generisk datagrundlag 2023
Beslag til lodrette skydevinduer;1;Pcs;9,32;11.59;;;;Generic Dataset;Bilag 2, tabel 7: Generisk datagrundlag 2023
Beslag til vandrette skydevinduer;1;Pcs;696,00;5.75;;;;Generic Dataset;Bilag 2, tabel 7: Generisk datagrundlag 2023
Beslag, stålvindue;1;Pcs;2,63;9.27;;;;Generic Dataset;Bilag 2, tabel 7: Generisk datagrundlag 2023
Beton vægelementer, Beton vægelementer, 15 cm tyk væg med 5-15 kg armering;1;M2;320,90;53.10;0.97;0.70;-0.79;Generic Dataset;Bilag 2, tabel 7: Generisk datagrundlag 2023
Beton vægelementer, Beton vægelementer, 20 cm tyk væg, med 16-25 kg armering;1;M2;433,90;73.20;1.29;0.93;-1.08;Generic Dataset;Bilag 2, tabel 7: Generisk datagrundlag 2023
Beton vægelementer, Beton vægelementer, 20 cm tyk væg, med 5-15 kg armering;1;M2;426,40;66.90;1.28;0.93;-1.01;Generic Dataset;Bilag 2, tabel 7: Generisk datagrundlag 2023
Betonmursten;1;M3;2000,00;242.35;13.45;;-4.11;Generic Dataset;Bilag 2, tabel 7: Generisk datagrundlag 2023
Betonrør, armeret;1;KG;1,00;0.14;0.01;;0.00;Generic Dataset;Bilag 2, tabel 7: Generisk datagrundlag 2023
Betonrør, u-armeret;1;KG;1,00;0.13;0.01;;0.00;Generic Dataset;Bilag 2, tabel 7: Generisk datagrundlag 2023
Betontrappe, etagehøj;1;Pcs;1965,00;312.84;13.94;;-3.90;Generic Dataset;Bilag 2, tabel 7: Generisk datagrundlag 2023
Bindelag;1;KG;1,00;0.08;0.00;;0.03;Generic Dataset;Bilag 2, tabel 7: Generisk datagrundlag 2023
Bitumenemulsion (40% bitumen, 60% vand);1;KG;1,00;0.36;0.00;0.09;;Generic Dataset;Bilag 2, tabel 7: Generisk datagrundlag 2023
Bitumenklæber;1;KG;1,00;0.61;0.00;0.09;;Generic Dataset;Bilag 2, tabel 7: Generisk datagrundlag 2023
Blyplader;1;KG;1,00;1.28;;;;Generic Dataset;Bilag 2, tabel 7: Generisk datagrundlag 2023
Boksventilator 10.000 m³/h;1;Pcs;68,00;343.01;4.81;;-205.41;Generic Dataset;Bilag 2, tabel 7: Generisk datagrundlag 2023
Boksventilator 10.000 m³/h, EOL;1;Pcs;68,00;;;0.04;;Generic Dataset;Bilag 2, tabel 7: Generisk datagrundlag 2023
Boksventilator 30.000 m³/h;1;Pcs;167,80;846.71;11.87;;-506.24;Generic Dataset;Bilag 2, tabel 7: Generisk datagrundlag 2023
Boksventilator 30.000 m³/h, EOL;1;Pcs;167,80;;;0.10;;Generic Dataset;Bilag 2, tabel 7: Generisk datagrundlag 2023
Boksventilator 5.000 m³/h;1;Pcs;43,00;217.05;3.04;;-130.01;Generic Dataset;Bilag 2, tabel 7: Generisk datagrundlag 2023
Boksventilator 5.000 m³/h, EOL;1;Pcs;43,00;;;0.03;;Generic Dataset;Bilag 2, tabel 7: Generisk datagrundlag 2023
Bomuld;1;KG;1,00;-0.78;2.20;;-0.72;Generic Dataset;Bilag 2, tabel 7: Generisk datagrundlag 2023
Bomuld, økologisk;1;KG;1,00;0.55;2.20;;-0.72;Generic Dataset;Bilag 2, tabel 7: Generisk datagrundlag 2023
Brandsikkert glas;1;M2;50,05;71.60;;;;Generic Dataset;Bilag 2, tabel 7: Generisk datagrundlag 2023
Brandsikkert glas Pyrobel;1;M2;50,05;;;0.65;;Generic Dataset;Bilag 2, tabel 7: Generisk datagrundlag 2023
Brugsvandsrør, Alu-PEX;1;KG;1,00;7.62;1.88;;-4.80;Generic Dataset;Bilag 2, tabel 7: Generisk datagrundlag 2023
Brugsvandsrør, PB;1;KG;1,00;4.00;3.91;;-1.63;Generic Dataset;Bilag 2, tabel 7: Generisk datagrundlag 2023
Brugsvandsrør, PEX-Alu-PEX;1;KG;1,00;7.79;3.02;;-2.93;Generic Dataset;Bilag 2, tabel 7: Generisk datagrundlag 2023
Brugsvandsrør, rustfast stål;1;KG;1,00;3.56;;;;Generic Dataset;Bilag 2, tabel 7: Generisk datagrundlag 2023
Buffertank, rustfast stål;1;KG;1,00;4.06;0.66;;-1.20;Generic Dataset;Bilag 2, tabel 7: Generisk datagrundlag 2023
Buffertank, stål;1;KG;1,00;3.17;0.66;;-1.43;Generic Dataset;Bilag 2, tabel 7: Generisk datagrundlag 2023
Byggepap;1;M2;0,08;0.09;0.16;;0.06;Generic Dataset;Bilag 2, tabel 7: Generisk datagrundlag 2023
Bære-/slidlag, Asfalt;1;KG;1,00;0.08;0.00;;0.03;Generic Dataset;Bilag 2, tabel 7: Generisk datagrundlag 2023
Celleglas-isolering 115 kg/m³;1;KG;1,00;1.32;;;;Generic Dataset;Bilag 2, tabel 7: Generisk datagrundlag 2023
Cement II 325;1;KG;1,00;0.78;;;;Generic Dataset;Bilag 2, tabel 7: Generisk datagrundlag 2023
Cement II 425;1;KG;1,00;0.80;;;;Generic Dataset;Bilag 2, tabel 7: Generisk datagrundlag 2023
Cement II 525;1;KG;1,00;0.81;;;;Generic Dataset;Bilag 2, tabel 7: Generisk datagrundlag 2023
Cement IIA;1;KG;1,00;0.88;;;;Generic Dataset;Bilag 2, tabel 7: Generisk datagrundlag 2023
Cement IIB;1;KG;1,00;0.72;;;;Generic Dataset;Bilag 2, tabel 7: Generisk datagrundlag 2023
Cement III 425;1;KG;1,00;0.38;;;;Generic Dataset;Bilag 2, tabel 7: Generisk datagrundlag 2023
Cement III 525;1;KG;1,00;0.39;;;;Generic Dataset;Bilag 2, tabel 7: Generisk datagrundlag 2023
Cement IV 325;1;KG;1,00;0.68;;;;Generic Dataset;Bilag 2, tabel 7: Generisk datagrundlag 2023
Cement IV 425;1;KG;1,00;0.69;;;;Generic Dataset;Bilag 2, tabel 7: Generisk datagrundlag 2023
Cementbundet spånplade;1;M3;1200,00;1694.15;279.38;;-84.65;Generic Dataset;Bilag 2, tabel 7: Generisk datagrundlag 2023
Cirkulationspumpe < 50 W;1;Pcs;2,47;13.23;0.43;;-2.53;Generic Dataset;Bilag 2, tabel 7: Generisk datagrundlag 2023
Cirkulationspumpe < 50 W, EOL;1;Pcs;2,47;;;0.02;;Generic Dataset;Bilag 2, tabel 7: Generisk datagrundlag 2023
Cirkulationspumpe 250-1000 W;1;Pcs;24,70;132.29;4.33;;-25.31;Generic Dataset;Bilag 2, tabel 7: Generisk datagrundlag 2023
Cirkulationspumpe 250-1000 W, EOL;1;Pcs;24,70;;;0.23;;Generic Dataset;Bilag 2, tabel 7: Generisk datagrundlag 2023
Cirkulationspumpe 50-250 W;1;Pcs;4,94;26.46;0.87;;-5.06;Generic Dataset;Bilag 2, tabel 7: Generisk datagrundlag 2023
Cirkulationspumpe 50-250 W, EOL;1;Pcs;4,94;;;0.05;;Generic Dataset;Bilag 2, tabel 7: Generisk datagrundlag 2023
CR-profil til forsejling (chloropren gummi);1;M;0,18;0.90;0.56;;0.28;Generic Dataset;Bilag 2, tabel 7: Generisk datagrundlag 2023
Curtain wall facade med 3-lags ruder, stål;1;M2;21,40;97.07;6.20;0.42;-15.47;Generic Dataset;Bilag 2, tabel 7: Generisk datagrundlag 2023
Curtain wall facade med 3-lags ruder,aluminium;1;M2;16,50;121.15;6.20;0.42;-37.06;Generic Dataset;Bilag 2, tabel 7: Generisk datagrundlag 2023
Curtain wall profiler, aluminium;1;M;5,70;55.16;3.42;;-35.65;Generic Dataset;Bilag 2, tabel 7: Generisk datagrundlag 2023
Curtain wall profiler, stål;1;M;9,48;36.63;3.42;;-14.82;Generic Dataset;Bilag 2, tabel 7: Generisk datagrundlag 2023
Dampspærre PA;1;M2;0,08;0.71;0.22;;0.09;Generic Dataset;Bilag 2, tabel 7: Generisk datagrundlag 2023
Dampspærre PE (tykkelse 0,0002 m);1;M2;0,20;0.40;0.56;;0.27;Generic Dataset;Bilag 2, tabel 7: Generisk datagrundlag 2023
Dampspærre, bitumen;1;M2;5,00;2.04;0.00;0.40;;Generic Dataset;Bilag 2, tabel 7: Generisk datagrundlag 2023
Dansk, høvlet konstruktionstræ af nåletræ;1;M3;536,00;-652.00;;;;Generic Dataset;Bilag 2, tabel 7: Generisk datagrundlag 2023
Dansk, høvlet konstruktionstræ af nåletræ, Forbrænding;1;M3;536,00;;709.00;0.00;-425.00;Generic Dataset;Bilag 2, tabel 7: Generisk datagrundlag 2023
Dansk, høvlet konstruktionstræ af nåletræ, Genbrug;1;M3;536,00;;697.00;0.00;-755.00;Generic Dataset;Bilag 2, tabel 7: Generisk datagrundlag 2023
Dansk, utørret og opsavet konstruktionstræaf nåletræ;1;M3;644,00;-664.00;;;;Generic Dataset;Bilag 2, tabel 7: Generisk datagrundlag 2023
Dansk, utørret og opsavet konstruktionstræaf nåletræ, Forbrænding;1;M3;644,00;;709.00;0.00;-425.00;Generic Dataset;Bilag 2, tabel 7: Generisk datagrundlag 2023
Dansk, utørret og opsavet konstruktionstræaf nåletræ, Genbrug;1;M3;644,00;;697.00;0.00;-755.00;Generic Dataset;Bilag 2, tabel 7: Generisk datagrundlag 2023
Datakabel, Netværkskabel, PVC;1;M;0,06;0.30;0.05;;0.16;Generic Dataset;Bilag 2, tabel 7: Generisk datagrundlag 2023
Decentralt ventilationsanlæg medvarmegenvinding (væg & loft) 60 m3 / h;1;Pcs;3691,00;25.33;4.49;0.05;-11.70;Generic Dataset;Bilag 2, tabel 7: Generisk datagrundlag 2023
Difluormethan (R32);1;KG;1,00;5.22;;;;Generic Dataset;Bilag 2, tabel 7: Generisk datagrundlag 2023
Downlight armatur, 18W (CFL, G24d);1;Pcs;703,00;4.03;0.00;;-2.58;Generic Dataset;Bilag 2, tabel 7: Generisk datagrundlag 2023
Dør, alu, hoveddør;1;M2;47,00;163.38;10.52;0.12;-92.51;Generic Dataset;Bilag 2, tabel 7: Generisk datagrundlag 2023
Dør, alu, røgdør;1;M2;41,00;157.17;0.87;0.24;-70.21;Generic Dataset;Bilag 2, tabel 7: Generisk datagrundlag 2023
Dør, alu, T30/EI30;1;M2;55,00;221.42;0.93;0.39;-74.08;Generic Dataset;Bilag 2, tabel 7: Generisk datagrundlag 2023
Dør, alu, T90/EI90;1;M2;101,00;351.67;0.93;0.86;-84.72;Generic Dataset;Bilag 2, tabel 7: Generisk datagrundlag 2023
Dør, industriport;1;M2;88,54;263.69;0.05;5.71;-121.04;Generic Dataset;Bilag 2, tabel 7: Generisk datagrundlag 2023
Dør, stål, indv/udv/brand/røg mv;1;M2;44,10;135.75;0.06;1.72;-63.02;Generic Dataset;Bilag 2, tabel 7: Generisk datagrundlag 2023
ECB-plast tagmembran, ifølge DIN 16729(med PES-filt);1,00143;M2;2,32;8.23;7.04;;-3.26;Generic Dataset;Bilag 2, tabel 7: Generisk datagrundlag 2023
Ekspanderet glasgranulat;1;KG;1,00;0.27;;;;Generic Dataset;Bilag 2, tabel 7: Generisk datagrundlag 2023
Ekspanderet Ler, sand;1;KG;1,00;0.34;;;;Generic Dataset;Bilag 2, tabel 7: Generisk datagrundlag 2023
Ekspanderet skifer;1;KG;1,00;0.34;;;;Generic Dataset;Bilag 2, tabel 7: Generisk datagrundlag 2023
Elastomer-fugebånd, polysulfid;1;KG;1,00;9.16;1.18;;0.55;Generic Dataset;Bilag 2, tabel 7: Generisk datagrundlag 2023
Elastomer-fugebånd, silikonegummi;1;KG;1,00;6.86;1.52;;-0.70;Generic Dataset;Bilag 2, tabel 7: Generisk datagrundlag 2023
Elektromagnetisk forkobling, VVG;1;Pcs;0,56;4.23;0.02;0.00;-0.93;Generic Dataset;Bilag 2, tabel 7: Generisk datagrundlag 2023
Elektronisk forkobling, EVG;1;Pcs;0,40;4.97;0.00;0.08;0.58;Generic Dataset;Bilag 2, tabel 7: Generisk datagrundlag 2023
Elevator (grundkomponenter pr. stk.);1;Pcs;1603,00;5193.00;37.39;4.88;-1579.64;Generic Dataset;Bilag 2, tabel 7: Generisk datagrundlag 2023
Elevator (komponenter pr. etage);1;Pcs;333,00;969.29;0.30;;-493.14;Generic Dataset;Bilag 2, tabel 7: Generisk datagrundlag 2023
Elkabel, 1-leder, PVC, 15 kg kobber;1;M;0,02;0.09;0.01;;0.05;Generic Dataset;Bilag 2, tabel 7: Generisk datagrundlag 2023
Elkabel, 3-leder, PVC, 45 kg kobber;1;M;0,12;0.42;0.22;;0.19;Generic Dataset;Bilag 2, tabel 7: Generisk datagrundlag 2023
Elkabel, 5-leder, PVC, 75 kg kobber;1;M;0,17;0.61;0.28;;0.30;Generic Dataset;Bilag 2, tabel 7: Generisk datagrundlag 2023
El-varmepumpe (lodret jordvarme, saltvand)10 kW;1;Pcs;139,00;338.95;4.35;0.03;-156.28;Generic Dataset;Bilag 2, tabel 7: Generisk datagrundlag 2023
El-varmepumpe (lodret jordvarme, saltvand)20 kW;1;Pcs;1498,05;1997.42;4.35;0.03;-156.29;Generic Dataset;Bilag 2, tabel 7: Generisk datagrundlag 2023
EPDM skum (rørisolering);1;M3;55,00;245.13;137.70;;-69.57;Generic Dataset;Bilag 2, tabel 7: Generisk datagrundlag 2023
EPDM-tætning til aluminiumsprofil;1;M;0,18;0.58;0.56;0.56;-0.61;Generic Dataset;Bilag 2, tabel 7: Generisk datagrundlag 2023
EPDM-tætning til aluminiumsprofil, med kuldebroafbrydelse;1;M;0,43;;1.35;;;Generic Dataset;Bilag 2, tabel 7: Generisk datagrundlag 2023
EPDM-tætning til aluminiumsprofil, medkuldebroafbrydelse;1;M;0,43;1.38;;1.35;-1.46;Generic Dataset;Bilag 2, tabel 7: Generisk datagrundlag 2023
EPS isolering (grå) med termisk strålingsabsorber;1;M3;16,60;49.70;;55.60;-28.70;Generic Dataset;Bilag 2, tabel 7: Generisk datagrundlag 2023
EPS isolering til lofter / gulve ogkælderydervæg / terrændæk 035;1;M3;25,90;75.40;;85.90;-45.20;Generic Dataset;Bilag 2, tabel 7: Generisk datagrundlag 2023
EPS isolering til lofter / gulve ogkælderydervæg / terrændæk 040;1;M3;18,50;53.80;;61.00;-32.10;Generic Dataset;Bilag 2, tabel 7: Generisk datagrundlag 2023
EPS isolering til vægge og tage 035;1;M3;22,70;59.50;;75.20;-39.60;Generic Dataset;Bilag 2, tabel 7: Generisk datagrundlag 2023
EPS isolering til vægge og tage 040;1;M3;18,00;52.50;;59.50;-31.30;Generic Dataset;Bilag 2, tabel 7: Generisk datagrundlag 2023
ETICS limning og mineralsk letpuds;1;M2;11,40;4.74;0.00;0.17;;Generic Dataset;Bilag 2, tabel 7: Generisk datagrundlag 2023
ETICS limning og mineralsk puds (Dekorputz);1;M2;17,40;7.34;0.00;0.26;;Generic Dataset;Bilag 2, tabel 7: Generisk datagrundlag 2023
ETICS limning og mineralsk puds (Kratzputz);1;M2;35,18;9.84;0.00;0.53;;Generic Dataset;Bilag 2, tabel 7: Generisk datagrundlag 2023
ETICS limning og silikonepuds;1;M2;12,30;5.48;0.00;0.19;;Generic Dataset;Bilag 2, tabel 7: Generisk datagrundlag 2023
ETICS-limning og belægning af syntetiskharpikspuds;1;M2;12,48;6.70;0.00;0.19;;Generic Dataset;Bilag 2, tabel 7: Generisk datagrundlag 2023
ETICS-limning og belægning afsilikatdispersionspuds;1;M2;12,48;5.48;0.00;;;Generic Dataset;Bilag 2, tabel 7: Generisk datagrundlag 2023
EVA-tagmembran;1;M2;2,00;5.13;7.97;;-3.61;Generic Dataset;Bilag 2, tabel 7: Generisk datagrundlag 2023
Fabriksbeton (C20/25 SCC og C25/30) i eksponeringsklasserne X0 og XC1, Fabriksbeton C20/25 SCC (fundament);1;M3;2212,00;215.00;6.94;5.13;-4.74;Generic Dataset;Bilag 2, tabel 7: Generisk datagrundlag 2023
Fabriksbeton (C20/25 SCC og C25/30) i eksponeringsklasserne X0 og XC1, Fabriksbeton C20/25 SCC (indvendig væg);1;M3;2212,00;215.00;6.94;5.13;-4.74;Generic Dataset;Bilag 2, tabel 7: Generisk datagrundlag 2023
Fabriksbeton (C20/25 SCC og C25/30) i eksponeringsklasserne X0 og XC1, Fabriksbeton C25/30 (gulv);1;M3;2246,00;241.00;6.73;4.97;-4.60;Generic Dataset;Bilag 2, tabel 7: Generisk datagrundlag 2023
Fabriksbeton (C20/25 SCC og C25/30) i eksponeringsklasserne X0 og XC1, Fabriksbeton C25/30 (indervæg);1;M3;2246,00;241.00;6.73;4.97;-4.60;Generic Dataset;Bilag 2, tabel 7: Generisk datagrundlag 2023
Fabriksbeton (C30/37, C35/45 SCC), C30/37 (Bundplade);1;M3;2255,00;;6.72;;;Generic Dataset;Bilag 2, tabel 7: Generisk datagrundlag 2023
Fabriksbeton (C30/37, C35/45 SCC), C30/37(Bundplade);1;M3;2255,00;282.00;;4.97;-4.60;Generic Dataset;Bilag 2, tabel 7: Generisk datagrundlag 2023
Fabriksbeton (C30/37, C35/45 SCC), C30/37(Indvendig væg);1;M3;2255,00;282.00;6.72;4.97;-4.60;Generic Dataset;Bilag 2, tabel 7: Generisk datagrundlag 2023
Fabriksbeton (C30/37, C35/45 SCC), C35/45SCC (gulv);1;M3;2254,00;300.00;6.54;4.83;-4.47;Generic Dataset;Bilag 2, tabel 7: Generisk datagrundlag 2023
Fabriksbeton (C30/37, C35/45 SCC), C35/45SCC (Indvendig væg);1;M3;2254,00;300.00;6.54;4.83;-4.47;Generic Dataset;Bilag 2, tabel 7: Generisk datagrundlag 2023
Fabriksbeton(C35/45), C35/45 – CEM I (Sætmålsbeton);1;M3;2267,00;362.00;7.07;5.23;-4.84;Generic Dataset;Bilag 2, tabel 7: Generisk datagrundlag 2023
Fabriksbeton(C35/45), C35/45 (fugebeton);1;M3;2256,00;377.00;6.63;4.90;-4.54;Generic Dataset;Bilag 2, tabel 7: Generisk datagrundlag 2023
Fabriksbeton(C35/45), C35/45 –CEM I SR-5 (Sætmålsbeton);1;M3;2304,00;403.00;6.85;5.06;-4.68;Generic Dataset;Bilag 2, tabel 7: Generisk datagrundlag 2023
Fabriksbeton(C40/50, C45/55), C40/50 CEM I (Fundament);1;M3;2267,00;429.00;6.77;5.00;-4.63;Generic Dataset;Bilag 2, tabel 7: Generisk datagrundlag 2023
Fabriksbeton(C40/50, C45/55), C40/50 CEM I (Indvendig væg);1;M3;2267,00;429.00;6.77;5.00;-4.63;Generic Dataset;Bilag 2, tabel 7: Generisk datagrundlag 2023
Fabriksbeton(C40/50, C45/55), C40/50 CEM I SR-5 (Fundament);1;M3;2284,00;465.00;6.95;5.14;-4.76;Generic Dataset;Bilag 2, tabel 7: Generisk datagrundlag 2023
Fabriksbeton(C40/50, C45/55), C40/50 CEM I SR-5 (Indvendig væg);1;M3;2284,00;465.00;6.95;5.14;-4.76;Generic Dataset;Bilag 2, tabel 7: Generisk datagrundlag 2023
Fabriksbeton(C40/50, C45/55), C45/55 (Fundament);1;M3;2229,00;426.00;6.75;4.99;-4.62;Generic Dataset;Bilag 2, tabel 7: Generisk datagrundlag 2023
Fabriksbeton(C40/50, C45/55), C45/55 (Indvendig væg);1;M3;2229,00;426.00;6.75;4.99;-4.62;Generic Dataset;Bilag 2, tabel 7: Generisk datagrundlag 2023
Facadeklinker;1;M3;2000,00;541.90;13.45;;-4.11;Generic Dataset;Bilag 2, tabel 7: Generisk datagrundlag 2023
Fastgørelsesmidler/skruer i galvaniseret stål;1;KG;1,00;3.56;;;;Generic Dataset;Bilag 2, tabel 7: Generisk datagrundlag 2023
Fastgørelsesmidler/skruer i rustfrit stål;1;KG;1,00;4.10;;;;Generic Dataset;Bilag 2, tabel 7: Generisk datagrundlag 2023
Fibercementplade;1;M2;13,00;6.99;;0.20;;Generic Dataset;Bilag 2, tabel 7: Generisk datagrundlag 2023
Fiberdug, PE / PP;1;M2;0,50;1.26;1.88;;-0.85;Generic Dataset;Bilag 2, tabel 7: Generisk datagrundlag 2023
Fjernvarmeanlæg;1;KG;1,00;4.77;0.21;0.01;-1.23;Generic Dataset;Bilag 2, tabel 7: Generisk datagrundlag 2023
Fladtagsvindue, plast (komplet vindue);1;M2;72,10;226.00;15.10;0.21;-148.00;Generic Dataset;Bilag 2, tabel 7: Generisk datagrundlag 2023
Folie til grønt tag;1;M2;1,13;3.55;4.95;;-1.01;Generic Dataset;Bilag 2, tabel 7: Generisk datagrundlag 2023
Folie, PE-HD med PP-fiberdug;1;M2;1,30;3.21;4.84;;-2.19;Generic Dataset;Bilag 2, tabel 7: Generisk datagrundlag 2023
Forbrænding af tekstilaffald, fjernvarme;1;KG;1,00;;1.74;;-0.83;Generic Dataset;Bilag 2, tabel 7: Generisk datagrundlag 2023
Forbrænding polystyren (PS), fjernvarme;1;KG;1,00;;3.38;;-1.55;Generic Dataset;Bilag 2, tabel 7: Generisk datagrundlag 2023
Fugebånd PE / PP-folie;1;KG;1,00;2.40;3.77;;-1.71;Generic Dataset;Bilag 2, tabel 7: Generisk datagrundlag 2023
Fugebånd, butyl;1;KG;1,00;5.68;3.03;;-1.41;Generic Dataset;Bilag 2, tabel 7: Generisk datagrundlag 2023
Fugebånd, elastomer, polyurethan;1;KG;1,00;5.26;2.66;;-0.94;Generic Dataset;Bilag 2, tabel 7: Generisk datagrundlag 2023
Fugebånd, polyisobutylen;1;KG;1,00;4.19;3.03;;-1.41;Generic Dataset;Bilag 2, tabel 7: Generisk datagrundlag 2023
Fugebånd, tekstil;1;KG;1,00;6.65;2.37;;-0.67;Generic Dataset;Bilag 2, tabel 7: Generisk datagrundlag 2023
Fugemasse, Acryl;1;KG;1,00;3.04;2.19;;-1.02;Generic Dataset;Bilag 2, tabel 7: Generisk datagrundlag 2023
Fugemasse, Silikone;1;KG;1,00;7.27;1.52;;-0.70;Generic Dataset;Bilag 2, tabel 7: Generisk datagrundlag 2023
Fugemørtel;1;KG;1,00;0.47;;;;Generic Dataset;Bilag 2, tabel 7: Generisk datagrundlag 2023
Fugtisolering, grundmursplade, PE;1;M2;1,20;4.09;4.15;;-2.05;Generic Dataset;Bilag 2, tabel 7: Generisk datagrundlag 2023
Gas varmepumpe (luft) 20-70 kW;1;Pcs;156,82;362.36;10.37;;-207.24;Generic Dataset;Bilag 2, tabel 7: Generisk datagrundlag 2023
Gas varmepumpe (luft) 20-70 kW, EOL;1;Pcs;156,82;;;6.32;;Generic Dataset;Bilag 2, tabel 7: Generisk datagrundlag 2023
Gaskedel, kondenserende, < 20 kW;1;Pcs;118,00;446.21;9.16;;-63.14;Generic Dataset;Bilag 2, tabel 7: Generisk datagrundlag 2023
Gaskedel, kondenserende, < 20 kW, EOL;1;Pcs;118,00;;;0.64;;Generic Dataset;Bilag 2, tabel 7: Generisk datagrundlag 2023
Gaskedel, kondenserende, 120-400 kW;1;Pcs;937,00;2842.15;71.58;;-507.68;Generic Dataset;Bilag 2, tabel 7: Generisk datagrundlag 2023
Gaskedel, kondenserende, 120-400 kW, EOL;1;Pcs;937,00;;;1.80;;Generic Dataset;Bilag 2, tabel 7: Generisk datagrundlag 2023
Gaskedel, kondenserende, 20-120 kW;1;Pcs;292,00;1104.19;22.65;;-157.72;Generic Dataset;Bilag 2, tabel 7: Generisk datagrundlag 2023
Gaskedel, kondenserende, 20-120 kW, EOL;1;Pcs;292,00;;;1.58;;Generic Dataset;Bilag 2, tabel 7: Generisk datagrundlag 2023
Gips, beta-halvhydrat;1;KG;1,00;0.10;;0.02;;Generic Dataset;Bilag 2, tabel 7: Generisk datagrundlag 2023
Gips, tørstof (gipsfiberplade) (tykkelse 0,025 m);1;M2;24,07;;;0.36;;Generic Dataset;Bilag 2, tabel 7: Generisk datagrundlag 2023
Gips, tørstof (gipsfiberplade) (tykkelse 0,025m);1;M2;24,07;7.55;0.00;;;Generic Dataset;Bilag 2, tabel 7: Generisk datagrundlag 2023
Gips, tørstof (gipskartonplade) (tykkelse0,025 m);1;M2;20,07;3.12;;0.30;;Generic Dataset;Bilag 2, tabel 7: Generisk datagrundlag 2023
Gips, vægplade (tykkelse 0,1 m);1;M2;84,00;22.35;;1.26;;Generic Dataset;Bilag 2, tabel 7: Generisk datagrundlag 2023
Gipsfiberplade 10 mm;1;M2;10,00;3.19;0.00;0.15;;Generic Dataset;Bilag 2, tabel 7: Generisk datagrundlag 2023
Gipskartonplade 13 mm, hulplade;1;M2;8,50;1.36;;0.13;;Generic Dataset;Bilag 2, tabel 7: Generisk datagrundlag 2023
Gipskartonplade 13 mm, imprægneret;1;M2;10,00;1.62;;0.15;;Generic Dataset;Bilag 2, tabel 7: Generisk datagrundlag 2023
Gipskartonplade, brandimprægneret;1;M2;10,00;1.54;;0.15;;Generic Dataset;Bilag 2, tabel 7: Generisk datagrundlag 2023
Gipspulver, Alpha-halvhydrat;1;KG;1,00;0.26;;0.02;;Generic Dataset;Bilag 2, tabel 7: Generisk datagrundlag 2023
Gipssten;1;KG;1,00;0.00;;0.02;;Generic Dataset;Bilag 2, tabel 7: Generisk datagrundlag 2023
Gitterlampe 2x T8-36W (LFL);1;Pcs;5829,00;34.28;0.01;;-17.31;Generic Dataset;Bilag 2, tabel 7: Generisk datagrundlag 2023
Gitterlampe integreret i loft 2x T5-28W (LFL);1;Pcs;5,19;30.52;0.01;;-15.41;Generic Dataset;Bilag 2, tabel 7: Generisk datagrundlag 2023
Gitterlampe integreret i loft 3x T5-14W (LFL);1;Pcs;4,59;30.31;0.01;;-15.23;Generic Dataset;Bilag 2, tabel 7: Generisk datagrundlag 2023
Gitterlampe integreret i loft 3x T8-18W (LFL);1;Pcs;4,97;32.64;0.01;;-16.40;Generic Dataset;Bilag 2, tabel 7: Generisk datagrundlag 2023
Glas 3 mm;1;M2;10,00;13.33;;0.16;;Generic Dataset;Bilag 2, tabel 7: Generisk datagrundlag 2023
Glasbyggesten;1;M3;2500,00;3926.96;;44.33;;Generic Dataset;Bilag 2, tabel 7: Generisk datagrundlag 2023
Glasfiberdug;1;M2;0,12;0.29;0.00;0.00;;Generic Dataset;Bilag 2, tabel 7: Generisk datagrundlag 2023
Glasfiber-forstærket plast, polyester (30%fiberandel);1;KG;1,00;3.73;1.59;;-0.74;Generic Dataset;Bilag 2, tabel 7: Generisk datagrundlag 2023
Glastag, aluminium (komplet vindue);1;M2;61,80;232.00;10.60;0.12;-77.40;Generic Dataset;Bilag 2, tabel 7: Generisk datagrundlag 2023
Grunder til silikonespuds;1;KG;1,00;0.69;;0.02;;Generic Dataset;Bilag 2, tabel 7: Generisk datagrundlag 2023
Grunder, silikat dispersion;1;KG;1,00;0.58;;0.02;;Generic Dataset;Bilag 2, tabel 7: Generisk datagrundlag 2023
Grus 16/32 (tørret);1;KG;1,00;0.03;0.01;;0.00;Generic Dataset;Bilag 2, tabel 7: Generisk datagrundlag 2023
Grus 2-32 mm;1;KG;1,00;0.00;0.01;;0.00;Generic Dataset;Bilag 2, tabel 7: Generisk datagrundlag 2023
Grus 2-32 mm, tørret;1;KG;1,00;0.03;0.01;;0.00;Generic Dataset;Bilag 2, tabel 7: Generisk datagrundlag 2023
Grus, 2-15 mm, tørret;1;KG;1,00;0.03;0.01;;0.00;Generic Dataset;Bilag 2, tabel 7: Generisk datagrundlag 2023
Grå støbejern;1;KG;1,00;1.64;;;;Generic Dataset;Bilag 2, tabel 7: Generisk datagrundlag 2023
Gulvvarme PP (100 mm);1;M2;1,90;6.14;6.68;;-2.78;Generic Dataset;Bilag 2, tabel 7: Generisk datagrundlag 2023
Gulvvarme, kobber (100 mm afstand);1;M2;5,70;22.32;3.17;;-6.79;Generic Dataset;Bilag 2, tabel 7: Generisk datagrundlag 2023
Gulvvarme, kobber (200 mm afstand);1;M2;3,30;12.98;3.17;;-4.06;Generic Dataset;Bilag 2, tabel 7: Generisk datagrundlag 2023
Gulvvarme, PEX (200 mm afstand);1;M2;1,40;5.69;4.92;;-2.05;Generic Dataset;Bilag 2, tabel 7: Generisk datagrundlag 2023
Gulvvarme, PP (200 mm afstand);1;M2;1,40;4.89;4.92;;-2.05;Generic Dataset;Bilag 2, tabel 7: Generisk datagrundlag 2023
Gulvvarme, rørsystem, PEX, 100 mm afstand;1;M2;1,90;7.75;6.68;;-2.78;Generic Dataset;Bilag 2, tabel 7: Generisk datagrundlag 2023
Gummigulve med skumbagside EN 1816;1;M2;3,82;13.22;10.99;;-6.48;Generic Dataset;Bilag 2, tabel 7: Generisk datagrundlag 2023
Gummigulve profileret EN 12199;1;M2;4,82;12.88;13.87;;-8.17;Generic Dataset;Bilag 2, tabel 7: Generisk datagrundlag 2023
Gummitætning;1;KG;1,00;3.64;3.03;;-1.41;Generic Dataset;Bilag 2, tabel 7: Generisk datagrundlag 2023
Halm;1;M3;100,00;-127.00;0.00;134.00;0.00;Generic Dataset;Bilag 2, tabel 7: Generisk datagrundlag 2023
Hampfiberdug;1;M3;38,00;19.16;86.18;;-12.00;Generic Dataset;Bilag 2, tabel 7: Generisk datagrundlag 2023
HPL- plade;1;M3;1400,00;-385.54;1978.67;;12.13;Generic Dataset;Bilag 2, tabel 7: Generisk datagrundlag 2023
Huldæk element, 22 cm, 6-10 liner;1;M2;344,60;49.80;1.04;0.76;-0.71;Generic Dataset;Bilag 2, tabel 7: Generisk datagrundlag 2023
Huldæk element, 32 cm, 11-17 liner;1;M2;451,40;67.90;1.37;1.00;-0.93;Generic Dataset;Bilag 2, tabel 7: Generisk datagrundlag 2023
Huldæk element, 32 cm, 6-10 liner;1;M2;459,60;66.40;1.40;1.03;-0.95;Generic Dataset;Bilag 2, tabel 7: Generisk datagrundlag 2023
Hærdeplastgulv (PU, epoxy);1;KG;1,00;5.81;;;;Generic Dataset;Bilag 2, tabel 7: Generisk datagrundlag 2023
Hørfiberdug;1;M3;38,00;16.04;86.18;;-12.00;Generic Dataset;Bilag 2, tabel 7: Generisk datagrundlag 2023
Høvlede konstruktionstræsprodukter af fyrog gran;1;M3;456,00;-670.00;;;;Generic Dataset;Bilag 2, tabel 7: Generisk datagrundlag 2023
Høvlede konstruktionstræsprodukter af fyrog gran, Forbrænding;1;M3;456,00;;728.00;0.00;-371.00;Generic Dataset;Bilag 2, tabel 7: Generisk datagrundlag 2023
Høvlede konstruktionstræsprodukter af fyrog gran, Genbrug;1;M3;456,00;;717.00;0.00;-768.00;Generic Dataset;Bilag 2, tabel 7: Generisk datagrundlag 2023
Kabelbakke, hård PVC;1;KG;1,00;2.01;3.01;;-0.67;Generic Dataset;Bilag 2, tabel 7: Generisk datagrundlag 2023
Kalciumsilikatplade;1;M3;225,00;550.40;1.65;;0.46;Generic Dataset;Bilag 2, tabel 7: Generisk datagrundlag 2023
Kalciumsulfat;1;KG;1,00;0.11;;0.02;;Generic Dataset;Bilag 2, tabel 7: Generisk datagrundlag 2023
Kalk, malet;1;KG;1,00;1.44;;;;Generic Dataset;Bilag 2, tabel 7: Generisk datagrundlag 2023
Kalkcementmørtel;1;M3;1800,00;202.00;;29.47;;Generic Dataset;Bilag 2, tabel 7: Generisk datagrundlag 2023
Kalkcementpuds;1;M3;1800,00;356.63;;27.01;;Generic Dataset;Bilag 2, tabel 7: Generisk datagrundlag 2023
Kalkpuds;1;M3;1800,00;407.99;;27.01;;Generic Dataset;Bilag 2, tabel 7: Generisk datagrundlag 2023
Kalkpuds, tørstof;1;M3;900,00;190.61;;13.51;;Generic Dataset;Bilag 2, tabel 7: Generisk datagrundlag 2023
Kalksandsten;1;M3;2000,00;306.12;13.45;;-4.11;Generic Dataset;Bilag 2, tabel 7: Generisk datagrundlag 2023
Keramikfliser, glaseret;1;M2;20,00;6.18;0.15;;0.04;Generic Dataset;Bilag 2, tabel 7: Generisk datagrundlag 2023
Keramikfliser, u-glaseret;1;M2;20,00;6.85;0.15;;0.04;Generic Dataset;Bilag 2, tabel 7: Generisk datagrundlag 2023
Kertotræ (LVL);1;M3;465,70;-465.42;896.18;;-30.48;Generic Dataset;Bilag 2, tabel 7: Generisk datagrundlag 2023
Klordifluormethan (R22);1;KG;1,00;4.76;;1.77;0.21;Generic Dataset;Bilag 2, tabel 7: Generisk datagrundlag 2023
Kobberrør (blank);1;KG;1,00;;0.00;;-1.14;Generic Dataset;Bilag 2, tabel 7: Generisk datagrundlag 2023
Kobberrør (coatede);1;KG;1,00;;0.00;;-1.41;Generic Dataset;Bilag 2, tabel 7: Generisk datagrundlag 2023
Kompakt lysstofrør 18W (ballast eksternt);1;Pcs;0,05;0.30;0.03;0.00;0.01;Generic Dataset;Bilag 2, tabel 7: Generisk datagrundlag 2023
Kondenserende gaskedel;1;Pcs;43,00;243.63;7.05;0.51;-59.31;Generic Dataset;Bilag 2, tabel 7: Generisk datagrundlag 2023
Kondenserende gaskedel;1;Pcs;133,00;753.55;21.82;1.58;-183.44;Generic Dataset;Bilag 2, tabel 7: Generisk datagrundlag 2023
Kondenserende gaskedel 120-400 kW(standalone enhed);1;Pcs;974,00;3422.37;161.50;;-1357.73;Generic Dataset;Bilag 2, tabel 7: Generisk datagrundlag 2023
Kondenserende gaskedel 120-400 kW(standalone enhed), EOL;1;Pcs;974,00;;;1.80;;Generic Dataset;Bilag 2, tabel 7: Generisk datagrundlag 2023
Kondenserende gaskedel 20-120 kW (standalone enhed);1;Pcs;283,00;;46.73;;;Generic Dataset;Bilag 2, tabel 7: Generisk datagrundlag 2023
Kondenserende gaskedel 20-120 kW(standalone enhed);1;Pcs;283,00;1268.30;;;-392.75;Generic Dataset;Bilag 2, tabel 7: Generisk datagrundlag 2023
Kondenserende gaskedel 20-120 kW(standalone enhed), EOL;1;Pcs;283,00;;;1.80;;Generic Dataset;Bilag 2, tabel 7: Generisk datagrundlag 2023
Kork linoleumsgulv (tykkelse 0,0025 m);1;M2;3,10;3.60;3.59;;0.35;Generic Dataset;Bilag 2, tabel 7: Generisk datagrundlag 2023
Kork, expanderet;1;M3;80,00;-96.90;151.51;;-38.83;Generic Dataset;Bilag 2, tabel 7: Generisk datagrundlag 2023
Korkfliser 4 mm;1;M2;1,80;-3.04;3.22;;0.35;Generic Dataset;Bilag 2, tabel 7: Generisk datagrundlag 2023
Korkfliser 6 mm;1;M2;2,70;-4.56;4.84;;0.54;Generic Dataset;Bilag 2, tabel 7: Generisk datagrundlag 2023
Korkfliser 8 mm;1;M2;3,60;-6.08;6.39;;-0.67;Generic Dataset;Bilag 2, tabel 7: Generisk datagrundlag 2023
Krydsfiner, ubehandlet;1;M3;480,00;-599.00;;;;Generic Dataset;Bilag 2, tabel 7: Generisk datagrundlag 2023
Krydsfiner, ubehandlet, Forbrænding;1;M3;480,00;;743.00;0.00;-391.00;Generic Dataset;Bilag 2, tabel 7: Generisk datagrundlag 2023
Krydsfiner, ubehandlet, Genbrug;1;M3;480,00;;732.00;0.00;-786.00;Generic Dataset;Bilag 2, tabel 7: Generisk datagrundlag 2023
Krydslamineret træ;1;M3;470,00;-664.00;;;;Generic Dataset;Bilag 2, tabel 7: Generisk datagrundlag 2023
Krydslamineret træ, Forbrænding;1;M3;470,00;;744.00;0.00;-387.00;Generic Dataset;Bilag 2, tabel 7: Generisk datagrundlag 2023
Krydslamineret træ, Genbrug;1;M3;470,00;;733.00;0.00;-786.00;Generic Dataset;Bilag 2, tabel 7: Generisk datagrundlag 2023
Krydslimet plade, 3 lag;1;M3;472,00;-616.63;851.82;;-228.30;Generic Dataset;Bilag 2, tabel 7: Generisk datagrundlag 2023
Krydslimet plade, 3- og 5-lag;1;M3;510,45;-643.05;;;;Generic Dataset;Bilag 2, tabel 7: Generisk datagrundlag 2023
Krydslimet plade, 5 lag;1;M3;472,00;-634.98;851.82;;-228.30;Generic Dataset;Bilag 2, tabel 7: Generisk datagrundlag 2023
Kuldioxid (R744);1;KG;1,00;1.08;;;;Generic Dataset;Bilag 2, tabel 7: Generisk datagrundlag 2023
Kunststenplade (bundet af epoxyharpiks);1;M2;52,00;28.35;0.38;;0.11;Generic Dataset;Bilag 2, tabel 7: Generisk datagrundlag 2023
Kølemiddel (R404a);1;KG;1,00;9.49;;;;Generic Dataset;Bilag 2, tabel 7: Generisk datagrundlag 2023
Kølemiddel (R407c);1;KG;1,00;8.38;;;;Generic Dataset;Bilag 2, tabel 7: Generisk datagrundlag 2023
Kølemiddel (R410a);1E-06;KG;1,00;8.06;;;;Generic Dataset;Bilag 2, tabel 7: Generisk datagrundlag 2023
Laminatgulv 8 mm;1;M2;7,45;-5.27;13.50;;-3.65;Generic Dataset;Bilag 2, tabel 7: Generisk datagrundlag 2023
Lavagrus;1;KG;1,00;0.00;;;;Generic Dataset;Bilag 2, tabel 7: Generisk datagrundlag 2023
LED kontorbelysning;1;Pcs;5,95;33.46;5.46;;-13.73;Generic Dataset;Bilag 2, tabel 7: Generisk datagrundlag 2023
Ler pulver;1;KG;1,00;0.35;0.00;;0.00;Generic Dataset;Bilag 2, tabel 7: Generisk datagrundlag 2023
Ler, stampet ler;1;M3;2000,00;9.35;6.76;;-2.94;Generic Dataset;Bilag 2, tabel 7: Generisk datagrundlag 2023
Lerplade (tykkelse 0,02 m);1;M2;14,00;0.05;0.04;;0.02;Generic Dataset;Bilag 2, tabel 7: Generisk datagrundlag 2023
Lerpuds;1;M3;900,00;93.15;2.81;;-3.89;Generic Dataset;Bilag 2, tabel 7: Generisk datagrundlag 2023
Lerrør, glaseret, DN 250;1;M;51,00;26.28;0.41;;0.10;Generic Dataset;Bilag 2, tabel 7: Generisk datagrundlag 2023
Lerrør, glaseret, DN 400;1;M;142,00;51.52;1.13;;0.29;Generic Dataset;Bilag 2, tabel 7: Generisk datagrundlag 2023
Lersten;1;M3;1200,00;93.64;4.05;;-1.76;Generic Dataset;Bilag 2, tabel 7: Generisk datagrundlag 2023
Letbeton vægelement, 100 mm tyk væg, 10% udsparinger;1;M2;161,50;26.80;0.49;0.36;0.36;Generic Dataset;Bilag 2, tabel 7: Generisk datagrundlag 2023
Letbeton vægelement, 150 mm tyk væg, 10% udsparinger;1;M2;242,40;38.60;0.74;0.54;-0.62;Generic Dataset;Bilag 2, tabel 7: Generisk datagrundlag 2023
Letbeton vægelement, 220 mm tyk væg, 10% udsparinger;1;M2;394,80;63.00;1.15;0.84;-0.93;Generic Dataset;Bilag 2, tabel 7: Generisk datagrundlag 2023
Letbetonblok af 100% naturlig pimpsten;1;M3;500,00;42.97;3.67;;-1.03;Generic Dataset;Bilag 2, tabel 7: Generisk datagrundlag 2023
Letklinker, ekspanderet ler, nødder;1;KG;1,00;0.33;;;;Generic Dataset;Bilag 2, tabel 7: Generisk datagrundlag 2023
Letklinkerbeton, hulblokke 1601 kg/m3;1;M3;1601,00;385.79;10.76;;-3.29;Generic Dataset;Bilag 2, tabel 7: Generisk datagrundlag 2023
Letklinkerblok, Letklinkerblik med grå EPS isolering;1;M3;327,00;;;;0.57;Generic Dataset;Bilag 2, tabel 7: Generisk datagrundlag 2023
Letklinkerblok, Letklinkerblik med grå EPSisolering;1;M3;327,00;121.00;0.84;0.62;;Generic Dataset;Bilag 2, tabel 7: Generisk datagrundlag 2023
Letklinkerblok, Letklinkerblok med hvid EPSisolering;1;M3;375,00;130.00;0.96;6.19;-4.39;Generic Dataset;Bilag 2, tabel 7: Generisk datagrundlag 2023
Letklinkerblok, Massiv letklinkerblok;1;M3;600,00;194.00;1.60;1.19;-1.10;Generic Dataset;Bilag 2, tabel 7: Generisk datagrundlag 2023
Lim til gipsplader;1;KG;1,00;0.10;;0.02;;Generic Dataset;Bilag 2, tabel 7: Generisk datagrundlag 2023
Limtræs-produkter af fyr og gran;1;M3;500,00;-610.00;;;;Generic Dataset;Bilag 2, tabel 7: Generisk datagrundlag 2023
Limtræs-produkter af fyr og gran, Forbrænding;1;M3;500,00;;743.00;0.00;-395.00;Generic Dataset;Bilag 2, tabel 7: Generisk datagrundlag 2023
Limtræs-produkter af fyr og gran, Genbrug;1;M3;500,00;;731.00;0.00;-787.00;Generic Dataset;Bilag 2, tabel 7: Generisk datagrundlag 2023
Linoleum gulvbelægning (tykkelse 0,0025 m);1;M2;3,00;-3.25;3.59;;0.44;Generic Dataset;Bilag 2, tabel 7: Generisk datagrundlag 2023
Lithium jernfosfat (LiFePO4) batteri (1 kWhlagring);1;Pcs;23,30;241.48;;22.59;-35.29;Generic Dataset;Bilag 2, tabel 7: Generisk datagrundlag 2023
Lithiumbromid;1;KG;1,00;8.08;;9.23;;Generic Dataset;Bilag 2, tabel 7: Generisk datagrundlag 2023
Loftspanel, Mineraluld;1;M2;2,40;3.49;0.00;0.04;;Generic Dataset;Bilag 2, tabel 7: Generisk datagrundlag 2023
LPG tank 2700 l / 1,2 t (underjordisk);1;Pcs;773,33;2135.85;54.23;;-1202.05;Generic Dataset;Bilag 2, tabel 7: Generisk datagrundlag 2023
LPG tank 2700 l / t 1,2 (overjordiske);1;Pcs;648,00;1720.01;0.43;;-825.92;Generic Dataset;Bilag 2, tabel 7: Generisk datagrundlag 2023
LPG tank 4850 l / 2,1 t (underjordisk);1;Pcs;1116,70;3084.11;78.13;;-1735.34;Generic Dataset;Bilag 2, tabel 7: Generisk datagrundlag 2023
LPG tank 4850 l / 2,1t (overjordiske);1;Pcs;1040,00;2762.64;0.85;;-1621.60;Generic Dataset;Bilag 2, tabel 7: Generisk datagrundlag 2023
LPG tank 6400 l / 2,9 t (underjordisk);1;Pcs;1390,00;3839.02;97.37;;-2159.91;Generic Dataset;Bilag 2, tabel 7: Generisk datagrundlag 2023
LPG tank 6400 l / t 2,9 (overjordiske);1;Pcs;1170,00;3107.97;0.96;;-1824.30;Generic Dataset;Bilag 2, tabel 7: Generisk datagrundlag 2023
Lysstofrør fatning T8-18W (LFL);1;Pcs;0,39;1.16;0.23;;-0.61;Generic Dataset;Bilag 2, tabel 7: Generisk datagrundlag 2023
Lysstofrør fatning T8-36W (LFL);1;Pcs;1,66;5.00;0.00;;-2.63;Generic Dataset;Bilag 2, tabel 7: Generisk datagrundlag 2023
Lysstofrør T5-14W;1;Pcs;0,05;0.29;0.00;;0.03;Generic Dataset;Bilag 2, tabel 7: Generisk datagrundlag 2023
Lysstofrør T5-14W, EOL;1;Pcs;0,05;;;0.00;;Generic Dataset;Bilag 2, tabel 7: Generisk datagrundlag 2023
Lysstofrør T5-28W;1;Pcs;0,11;0.52;0.00;;0.03;Generic Dataset;Bilag 2, tabel 7: Generisk datagrundlag 2023
Lysstofrør T5-28W, EOL;1;Pcs;0,11;;;0.00;;Generic Dataset;Bilag 2, tabel 7: Generisk datagrundlag 2023
Lysstofrør T8-18W;1;Pcs;0,07;0.37;0.00;;0.04;Generic Dataset;Bilag 2, tabel 7: Generisk datagrundlag 2023
Lysstofrør T8-18W, EOL;1;Pcs;0,07;;;0.00;;Generic Dataset;Bilag 2, tabel 7: Generisk datagrundlag 2023
Lysstofrør T8-36W;1;Pcs;0,15;0.68;0.00;;0.04;Generic Dataset;Bilag 2, tabel 7: Generisk datagrundlag 2023
Lysstofrør T8-36W, EOL;1;Pcs;0,15;;;0.01;;Generic Dataset;Bilag 2, tabel 7: Generisk datagrundlag 2023
Læsket kalk, pulver;1;KG;1,00;1.10;;;;Generic Dataset;Bilag 2, tabel 7: Generisk datagrundlag 2023
Marmorplade (tykkelse 0,02 m);1;M2;52,00;16.28;0.38;;0.11;Generic Dataset;Bilag 2, tabel 7: Generisk datagrundlag 2023
Melamin-skum;1;KG;1,00;6.58;1.43;;-0.66;Generic Dataset;Bilag 2, tabel 7: Generisk datagrundlag 2023
Messing;1;KG;1,00;1.39;;;;Generic Dataset;Bilag 2, tabel 7: Generisk datagrundlag 2023
Mineraluld, alm.;1;M3;26,25;40.31;0.72;0.40;;Generic Dataset;Bilag 2, tabel 7: Generisk datagrundlag 2023
Mineraluld, facadesystem;1;M3;46,25;70.39;1.27;0.70;;Generic Dataset;Bilag 2, tabel 7: Generisk datagrundlag 2023
Mineraluld, løsfyld;1;M3;50,00;64.02;1.25;0.69;;Generic Dataset;Bilag 2, tabel 7: Generisk datagrundlag 2023
Mineraluld, skråtag;1;M3;30,00;46.52;0.78;0.46;;Generic Dataset;Bilag 2, tabel 7: Generisk datagrundlag 2023
Mineraluld, stenuld, rørskål;1;M3;151,00;317.95;0.02;;;Generic Dataset;Bilag 2, tabel 7: Generisk datagrundlag 2023
Mineraluld, stenuld, teknisk pladeisolering;1;M3;146,40;196.03;0.02;;;Generic Dataset;Bilag 2, tabel 7: Generisk datagrundlag 2023
Mineraluld, terræn;1;M3;85,00;133.91;2.33;1.29;;Generic Dataset;Bilag 2, tabel 7: Generisk datagrundlag 2023
Mineraluld, trykfast til tagsystem;1;M3;145,00;209.50;3.98;2.20;;Generic Dataset;Bilag 2, tabel 7: Generisk datagrundlag 2023
Mørtel, armeringsmørtel, kunstharpiksspartelmasse;1;KG;1,00;0.48;0.00;0.02;;Generic Dataset;Bilag 2, tabel 7: Generisk datagrundlag 2023
Mørtel, cementmørtel;1;M3;2000,00;345.11;;29.30;;Generic Dataset;Bilag 2, tabel 7: Generisk datagrundlag 2023
Mørtel, fliseklæber;1;KG;1,00;0.35;;0.02;0.00;Generic Dataset;Bilag 2, tabel 7: Generisk datagrundlag 2023
Naturstenplade, blød, facade;1;M2;104,00;16.23;0.70;;0.21;Generic Dataset;Bilag 2, tabel 7: Generisk datagrundlag 2023
Naturstenplade, blød, gulv;1;M2;52,00;14.92;0.35;;0.11;Generic Dataset;Bilag 2, tabel 7: Generisk datagrundlag 2023
Naturstenplade, hård, facade;1;M2;78,00;32.41;0.52;;0.16;Generic Dataset;Bilag 2, tabel 7: Generisk datagrundlag 2023
Naturstenplade, hård, gulv;1;M2;52,00;31.75;0.35;;0.11;Generic Dataset;Bilag 2, tabel 7: Generisk datagrundlag 2023
Naturstensplade, udendørsbrug;1;M2;208,00;5.74;1.40;;0.43;Generic Dataset;Bilag 2, tabel 7: Generisk datagrundlag 2023
Net-forstærket dampspærre PET;1;M2;0,12;0.74;0.33;;0.10;Generic Dataset;Bilag 2, tabel 7: Generisk datagrundlag 2023
Nylonstøbning (PA 6.6);1;KG;1,00;10.66;2.88;;-1.09;Generic Dataset;Bilag 2, tabel 7: Generisk datagrundlag 2023
Oliekedel, lav temperatur, < 20 kW;1;Pcs;221,00;803.77;11.92;;-139.23;Generic Dataset;Bilag 2, tabel 7: Generisk datagrundlag 2023
Oliekedel, lav temperatur, < 20 kW, EOL;1;Pcs;221,00;;;0.95;;Generic Dataset;Bilag 2, tabel 7: Generisk datagrundlag 2023
Oliekedel, lav temperatur, 120-400 kW;1;Pcs;992,00;3035.05;53.65;;-626.82;Generic Dataset;Bilag 2, tabel 7: Generisk datagrundlag 2023
Oliekedel, lav temperatur, 120-400 kW, EOL;1;Pcs;992,00;;;1.80;;Generic Dataset;Bilag 2, tabel 7: Generisk datagrundlag 2023
Oliekedel, lav temperatur, 20-120 kW;1;Pcs;354,00;1287.48;19.08;;-223.01;Generic Dataset;Bilag 2, tabel 7: Generisk datagrundlag 2023
Oliekedel, lav temperatur, 20-120 kW, EOL;1;Pcs;354,00;;;1.60;;Generic Dataset;Bilag 2, tabel 7: Generisk datagrundlag 2023
Oliekedel, lav temperatur, kondenserende, <20 kW;1;Pcs;162,00;891.10;26.61;1.80;-223.60;Generic Dataset;Bilag 2, tabel 7: Generisk datagrundlag 2023
Oliekedel, lav temperatur, kondenserende, 120-400 kW;1;Pcs;1504,00;5075.00;249.50;1.80;-2099.00;Generic Dataset;Bilag 2, tabel 7: Generisk datagrundlag 2023
Oliekedel, lav temperatur, kondenserende, 20-120 kW;1;Pcs;439,00;1755.00;72.67;1.80;-610.80;Generic Dataset;Bilag 2, tabel 7: Generisk datagrundlag 2023
Oparbejdning af byggeaffald;1;KG;1,00;;0.00;;;Generic Dataset;Bilag 2, tabel 7: Generisk datagrundlag 2023
OSB-plade;1;M3;600,00;-572.71;;;;Generic Dataset;Bilag 2, tabel 7: Generisk datagrundlag 2023
Ovenlyskuppel, plast (komplet ovenlys);1;M2;35,20;45.70;42.50;0.18;-37.10;Generic Dataset;Bilag 2, tabel 7: Generisk datagrundlag 2023
Overflade, Anodisering af aluminiumplade;1;M2;1,00;6.12;;;;Generic Dataset;Bilag 2, tabel 7: Generisk datagrundlag 2023
Overflade, Facademaling, akryl maling;1;KG;1,00;2.11;;0.02;0.01;Generic Dataset;Bilag 2, tabel 7: Generisk datagrundlag 2023
Overflade, Facademaling, grunder, dispersion;1;KG;1,00;0.90;;0.02;0.01;Generic Dataset;Bilag 2, tabel 7: Generisk datagrundlag 2023
Overflade, Facademaling, grunder, silikat;1;KG;1,00;0.87;;0.02;0.01;Generic Dataset;Bilag 2, tabel 7: Generisk datagrundlag 2023
Overflade, Facademaling, silikat;1;KG;1,00;1.48;;0.02;0.01;Generic Dataset;Bilag 2, tabel 7: Generisk datagrundlag 2023
Overflade, Facademaling, silikoneharpiks;1;KG;1,00;1.26;0.00;0.02;0.01;Generic Dataset;Bilag 2, tabel 7: Generisk datagrundlag 2023
Overflade, Indendørsmaling, emulsions maling, slidstærk;1;KG;1,00;;;0.02;;Generic Dataset;Bilag 2, tabel 7: Generisk datagrundlag 2023
Overflade, Indendørsmaling, emulsionsmaling, slidstærk;1;KG;1,00;2.62;;;0.01;Generic Dataset;Bilag 2, tabel 7: Generisk datagrundlag 2023
Overflade, Kalkmaling;1;KG;1,00;0.92;;0.02;;Generic Dataset;Bilag 2, tabel 7: Generisk datagrundlag 2023
Overflade, Metal maling(opløsningsmiddelbaseret);1;M2;0,21;2.29;0.14;;0.04;Generic Dataset;Bilag 2, tabel 7: Generisk datagrundlag 2023
Overflade, Metalcoating (vandbaseret);1;M2;0,29;2.10;0.25;;0.07;Generic Dataset;Bilag 2, tabel 7: Generisk datagrundlag 2023
Overflade, Opløsningsmiddelbaseret lak, hvid;1;KG;1,00;2.95;0.69;;0.19;Generic Dataset;Bilag 2, tabel 7: Generisk datagrundlag 2023
"Overflade, Parket lak (primer til træ;fortyndet med vand)";1;KG;1,00;1.82;0.91;;0.26;Generic Dataset;Bilag 2, tabel 7: Generisk datagrundlag 2023
Overflade, Parket lak transparent;1;KG;1,00;3.46;0.91;;0.26;Generic Dataset;Bilag 2, tabel 7: Generisk datagrundlag 2023
Overflade, Pulver coating af metal;1;M2;0,18;4.10;0.21;;0.06;Generic Dataset;Bilag 2, tabel 7: Generisk datagrundlag 2023
Overflade, Pulverlakering (Industri,udendørs, hvid);1;KG;1,00;4.74;1.05;;0.32;Generic Dataset;Bilag 2, tabel 7: Generisk datagrundlag 2023
Overflade, træfacade, semi-pigmenteret lasursystem;1;KG;1,00;2.74;0.84;;0.26;Generic Dataset;Bilag 2, tabel 7: Generisk datagrundlag 2023
Overflade, Træmaling, udendørs, dækkende(topcoat-system);1;KG;1,00;2.74;0.84;;0.26;Generic Dataset;Bilag 2, tabel 7: Generisk datagrundlag 2023
Overflade, trævinduer, hvid grunder;1;KG;1,00;1.82;0.78;;0.24;Generic Dataset;Bilag 2, tabel 7: Generisk datagrundlag 2023
Overflade, Vandbaseret lak, hvid;1;KG;1,00;2.01;0.86;;0.24;Generic Dataset;Bilag 2, tabel 7: Generisk datagrundlag 2023
Overflade, Vinduesmaling, hvid;1;KG;1,00;1.82;0.78;;0.24;Generic Dataset;Bilag 2, tabel 7: Generisk datagrundlag 2023
Overflade, Vinduesmaling, mellemlagdækkende hvid;1;KG;1,00;1.78;0.78;;0.24;Generic Dataset;Bilag 2, tabel 7: Generisk datagrundlag 2023
Papiruldsisolering, løsfyld;1;M3;45,00;-73.37;99.08;;-30.51;Generic Dataset;Bilag 2, tabel 7: Generisk datagrundlag 2023
Papiruldsplader;1;M3;80,00;-19.99;176.15;;-69.64;Generic Dataset;Bilag 2, tabel 7: Generisk datagrundlag 2023
Parket i massivt træ;1;M2;11,71;-12.07;;;;Generic Dataset;Bilag 2, tabel 7: Generisk datagrundlag 2023
Parket, flerlag (tykkelse 0,01 m);1;M2;6,50;-4.45;11.80;;-2.32;Generic Dataset;Bilag 2, tabel 7: Generisk datagrundlag 2023
Pellet-kedel;1;Pcs;335,00;1168.47;1.32;1.80;-409.51;Generic Dataset;Bilag 2, tabel 7: Generisk datagrundlag 2023
Perlite 0-1 mm;1;KG;1,00;0.52;;;;Generic Dataset;Bilag 2, tabel 7: Generisk datagrundlag 2023
Perlite 0-3 mm;1;KG;1,00;0.56;;;;Generic Dataset;Bilag 2, tabel 7: Generisk datagrundlag 2023
Phenolplast, stift skum (PF);1;M3;40,00;87.32;90.03;;-32.00;Generic Dataset;Bilag 2, tabel 7: Generisk datagrundlag 2023
Pillefyr, 20-120 kW;1;Pcs;833,00;2329.17;3.30;1.80;-1021.95;Generic Dataset;Bilag 2, tabel 7: Generisk datagrundlag 2023
Pimpsten (SFK-4);1;M3;900,00;78.04;6.60;;-1.85;Generic Dataset;Bilag 2, tabel 7: Generisk datagrundlag 2023
Pimpsten 0-4 mm;1;KG;1,00;0.01;;;;Generic Dataset;Bilag 2, tabel 7: Generisk datagrundlag 2023
Pimpsten, grus;1;KG;1,00;0.01;;;;Generic Dataset;Bilag 2, tabel 7: Generisk datagrundlag 2023
PIR-skum, høj densitet (250 kg/m3);1;M3;250,00;781.38;644.63;;-249.99;Generic Dataset;Bilag 2, tabel 7: Generisk datagrundlag 2023
Plast profil CR (chloropren gummi);1;KG;1,00;6.36;3.56;;-1.52;Generic Dataset;Bilag 2, tabel 7: Generisk datagrundlag 2023
Plast profil SBR;1;KG;1,00;4.20;3.14;;-1.70;Generic Dataset;Bilag 2, tabel 7: Generisk datagrundlag 2023
Plastplade, transparent, PC;1;M3;1200,00;6131.21;3661.42;;-1368.53;Generic Dataset;Bilag 2, tabel 7: Generisk datagrundlag 2023
Plastplade, transparent, PMMA ekstruderet;1;M3;1190,00;5756.79;2889.91;;-1139.60;Generic Dataset;Bilag 2, tabel 7: Generisk datagrundlag 2023
Plastplade, transparent, PMMA støbte;1;M3;1190,00;6291.42;2889.91;;-1139.60;Generic Dataset;Bilag 2, tabel 7: Generisk datagrundlag 2023
Plastplade, transparent, PVC;1;M3;1220,00;3996.11;4010.00;;-814.07;Generic Dataset;Bilag 2, tabel 7: Generisk datagrundlag 2023
Plastprofil, silikone;1;KG;1,00;6.86;1.01;;0.47;Generic Dataset;Bilag 2, tabel 7: Generisk datagrundlag 2023
Polybutadiene rør (PB);1;KG;1,00;4.10;3.22;;-1.47;Generic Dataset;Bilag 2, tabel 7: Generisk datagrundlag 2023
Polycarbonatplade;1;KG;1,00;5.94;3.33;;-1.14;Generic Dataset;Bilag 2, tabel 7: Generisk datagrundlag 2023
Polyethylen-skum;1;KG;1,00;3.06;3.98;;-1.80;Generic Dataset;Bilag 2, tabel 7: Generisk datagrundlag 2023
Polystyren granulat (cementbundet);1;M3;350,00;160.08;103.43;;-43.32;Generic Dataset;Bilag 2, tabel 7: Generisk datagrundlag 2023
Polystyren skumfyldning (uden bindemiddel);1;M3;15,00;48.87;55.41;;-23.21;Generic Dataset;Bilag 2, tabel 7: Generisk datagrundlag 2023
Polyurethanskum (rørisolering);1;M3;30,00;200.72;2.73;;-1.26;Generic Dataset;Bilag 2, tabel 7: Generisk datagrundlag 2023
Porebeton 380 kg/m³;1;M3;380,00;182.39;2.56;;-0.78;Generic Dataset;Bilag 2, tabel 7: Generisk datagrundlag 2023
Porebeton 472 kg/m³;1;M3;472,00;222.61;3.17;;-0.97;Generic Dataset;Bilag 2, tabel 7: Generisk datagrundlag 2023
Porebeton 474 kg/m³, armeret;1;M3;500,00;263.19;3.36;;-1.03;Generic Dataset;Bilag 2, tabel 7: Generisk datagrundlag 2023
Porebeton granulat;1;M3;400,00;5.28;2.69;;-0.82;Generic Dataset;Bilag 2, tabel 7: Generisk datagrundlag 2023
Propan (R290);1;KG;1,00;0.56;;;;Generic Dataset;Bilag 2, tabel 7: Generisk datagrundlag 2023
PU skumisolering, belagt med aluminium påbegge sider (12 cm);1;M2;3,72;12.90;0.11;8.56;-4.98;Generic Dataset;Bilag 2, tabel 7: Generisk datagrundlag 2023
PU skumplade (12cm);1;M2;3,96;14.80;0.10;8.74;-4.00;Generic Dataset;Bilag 2, tabel 7: Generisk datagrundlag 2023
Puds, gips;1;M3;900,00;134.17;;13.51;;Generic Dataset;Bilag 2, tabel 7: Generisk datagrundlag 2023
Puds, gips-kalk;1;M3;900,00;119.40;;13.51;;Generic Dataset;Bilag 2, tabel 7: Generisk datagrundlag 2023
Puds, kalk-gips, inde;1;M3;900,00;198.85;;13.51;;Generic Dataset;Bilag 2, tabel 7: Generisk datagrundlag 2023
Puds, syntetisk harpiks;1;M3;1700,00;1201.64;;25.51;;Generic Dataset;Bilag 2, tabel 7: Generisk datagrundlag 2023
PUR fugemasse;1;KG;1,00;5.33;2.66;;-0.94;Generic Dataset;Bilag 2, tabel 7: Generisk datagrundlag 2023
PUR-underlag på PET-flis (tykkelse 0,0005 m);1;M2;0,20;1.07;0.54;;0.19;Generic Dataset;Bilag 2, tabel 7: Generisk datagrundlag 2023
PVC gulvbelægning;1;M2;3,30;8.19;10.85;;-2.20;Generic Dataset;Bilag 2, tabel 7: Generisk datagrundlag 2023
PVC plastisol;1;KG;1,00;2.43;2.74;;0.56;Generic Dataset;Bilag 2, tabel 7: Generisk datagrundlag 2023
Radiator, stålplade;1;KG;1,00;4.45;0.00;;-1.56;Generic Dataset;Bilag 2, tabel 7: Generisk datagrundlag 2023
Regnvandsrør, støbejern;1;KG;1,00;0.72;;;;Generic Dataset;Bilag 2, tabel 7: Generisk datagrundlag 2023
Rulleskodder, PVC;1;M2;6,24;23.47;12.05;;-10.05;Generic Dataset;Bilag 2, tabel 7: Generisk datagrundlag 2023
Rulletrappe (grundkomponenter pr. trappe);1;Pcs;4076,00;12715.10;105.50;4.88;-5674.33;Generic Dataset;Bilag 2, tabel 7: Generisk datagrundlag 2023
Rulletrappe (komponenter, som er afhængige af højden);1;Pcs;800,00;2467.10;27.28;;-1251.37;Generic Dataset;Bilag 2, tabel 7: Generisk datagrundlag 2023
Rustfri stål, genanvendelse;1;KG;1,00;;;0.00;-2.66;Generic Dataset;Bilag 2, tabel 7: Generisk datagrundlag 2023
Rytterlys, plast/aluminium (komplet vindue);1;M2;18,80;84.70;10.60;0.05;-68.60;Generic Dataset;Bilag 2, tabel 7: Generisk datagrundlag 2023
Rødgods;1;KG;1,00;1.77;;;;Generic Dataset;Bilag 2, tabel 7: Generisk datagrundlag 2023
Rør til el-varmepumpe (lodret jordvarme, saltvand), collector, 10 kW;1;Pcs;141,00;363.12;0.00;;;Generic Dataset;Bilag 2, tabel 7: Generisk datagrundlag 2023
Rør til el-varmepumpe (lodret jordvarme, saltvand), collector, 20 kW;1;Pcs;282,00;726.23;0.00;;;Generic Dataset;Bilag 2, tabel 7: Generisk datagrundlag 2023
Rør til el-varmepumpe (lodret jordvarme, saltvand), collector, 70 kW;1;Pcs;987,00;2541.80;0.00;;;Generic Dataset;Bilag 2, tabel 7: Generisk datagrundlag 2023
Rør til el-varmepumpe (lodret jordvarme, saltvand), probe, 10 kW;1;Pcs;188,80;614.30;0.00;;;Generic Dataset;Bilag 2, tabel 7: Generisk datagrundlag 2023
Rør til el-varmepumpe (lodret jordvarme, saltvand), probe, 10 kW;1;Pcs;1843,40;6027.13;0.00;;;Generic Dataset;Bilag 2, tabel 7: Generisk datagrundlag 2023
Rør til el-varmepumpe (lodret jordvarme, saltvand), probe, 20 kW;1;Pcs;551,50;1804.28;0.00;;;Generic Dataset;Bilag 2, tabel 7: Generisk datagrundlag 2023
Rør til el-varmepumpe (vand-vand) 10 kW;1;Pcs;33,00;136.14;0.01;;-28.07;Generic Dataset;Bilag 2, tabel 7: Generisk datagrundlag 2023
Rør til el-varmepumpe (vand-vand) 20 kW;1;Pcs;48,00;174.76;0.01;;-28.07;Generic Dataset;Bilag 2, tabel 7: Generisk datagrundlag 2023
Rør til el-varmepumpe (vand-vand) 70 kW;1;Pcs;1211,68;417.97;0.01;;-28.07;Generic Dataset;Bilag 2, tabel 7: Generisk datagrundlag 2023
Rør, Afløbsrør, ABS;1;KG;1,00;4.41;2.55;;-1.49;Generic Dataset;Bilag 2, tabel 7: Generisk datagrundlag 2023
Rør, Afløbsrør, PVC;1;KG;1,00;1.92;0.61;;0.26;Generic Dataset;Bilag 2, tabel 7: Generisk datagrundlag 2023
Rør, Brugsvandsrør, PEX;1;KG;1,00;4.10;3.77;;-1.71;Generic Dataset;Bilag 2, tabel 7: Generisk datagrundlag 2023
Rør, glaseret stentøj;1;KG;1,00;;0.01;;;Generic Dataset;Bilag 2, tabel 7: Generisk datagrundlag 2023
Rør, Kloakrør HDPE;1;KG;1,00;2.10;3.45;;-1.71;Generic Dataset;Bilag 2, tabel 7: Generisk datagrundlag 2023
Rør, Kloakrør PP;1;KG;1,00;2.62;3.45;;-1.71;Generic Dataset;Bilag 2, tabel 7: Generisk datagrundlag 2023
Rør, Kloakrør PVC;1;KG;1,00;2.82;3.01;;-0.67;Generic Dataset;Bilag 2, tabel 7: Generisk datagrundlag 2023
Rør, polypropylen (PP);1;KG;1,00;2.62;3.22;;-1.47;Generic Dataset;Bilag 2, tabel 7: Generisk datagrundlag 2023
Rør, Regnvandsrør, PVC;1;KG;1,00;2.43;3.01;;-0.67;Generic Dataset;Bilag 2, tabel 7: Generisk datagrundlag 2023
Sand 0-2 mm;1;KG;1,00;0.00;0.01;;0.00;Generic Dataset;Bilag 2, tabel 7: Generisk datagrundlag 2023
Sand 0-2 mm, tørret;1;KG;1,00;0.03;0.01;;0.00;Generic Dataset;Bilag 2, tabel 7: Generisk datagrundlag 2023
Sand, knust, tørret;1;KG;1,00;0.03;0.01;;0.00;Generic Dataset;Bilag 2, tabel 7: Generisk datagrundlag 2023
Sandwichelement/facadeelement, Sandwichelement, EPS;1;M2;495,20;87.30;1.49;10.80;-7.83;Generic Dataset;Bilag 2, tabel 7: Generisk datagrundlag 2023
Sandwichelement/facadeelement, Sandwichelement, mineraluld;1;M2;501,80;90.60;1.51;1.25;-1.21;Generic Dataset;Bilag 2, tabel 7: Generisk datagrundlag 2023
Sanitetskeramik;1;KG;1,00;2.80;0.02;;;Generic Dataset;Bilag 2, tabel 7: Generisk datagrundlag 2023
Savede og tørrede konstruktionstræprodukter af fyr og gran;1;M3;456,00;-680.00;;;;Generic Dataset;Bilag 2, tabel 7: Generisk datagrundlag 2023
Savede og tørrede konstruktionstræprodukter af fyr og gran, Forbrænding;1;M3;456,00;;728.00;0.00;-371.00;Generic Dataset;Bilag 2, tabel 7: Generisk datagrundlag 2023
Savede og tørrede konstruktionstræprodukter af fyr og gran, Genbrug;1;M3;456,00;;717.00;0.00;-768.00;Generic Dataset;Bilag 2, tabel 7: Generisk datagrundlag 2023
Silikatmaling (indendørs);1;KG;1,00;0.96;;;;Generic Dataset;Bilag 2, tabel 7: Generisk datagrundlag 2023
Silikatmaling (udendørs);1;KG;1,00;1.20;;;;Generic Dataset;Bilag 2, tabel 7: Generisk datagrundlag 2023
Singels 2-15 mm;1;KG;1,00;0.01;0.01;;0.00;Generic Dataset;Bilag 2, tabel 7: Generisk datagrundlag 2023
Skifer;1;M2;30,00;15.04;0.20;;0.06;Generic Dataset;Bilag 2, tabel 7: Generisk datagrundlag 2023
Skorsten opmuret (1 rør);1;M;98,30;23.80;1.61;;;Generic Dataset;Bilag 2, tabel 7: Generisk datagrundlag 2023
Skorsten opmuret (2 rør);1;M;195,60;47.43;3.20;;;Generic Dataset;Bilag 2, tabel 7: Generisk datagrundlag 2023
Skorsten stål (enkelt væg);1;KG;1,00;4.02;0.00;;-1.27;Generic Dataset;Bilag 2, tabel 7: Generisk datagrundlag 2023
Skortsten polypropylen (PP);1;KG;1,00;2.50;2.73;;-1.26;Generic Dataset;Bilag 2, tabel 7: Generisk datagrundlag 2023
Skærvemastisk asfalt (SMA);1;KG;1,00;0.08;0.00;;0.03;Generic Dataset;Bilag 2, tabel 7: Generisk datagrundlag 2023
Skærver 16-32 mm;1;KG;1,00;0.01;0.01;;0.00;Generic Dataset;Bilag 2, tabel 7: Generisk datagrundlag 2023
Slaggebeton, sten;1;M3;1400,00;352.84;10.27;;-2.88;Generic Dataset;Bilag 2, tabel 7: Generisk datagrundlag 2023
Smeltekammergranulat;1;KG;1,00;0.00;;;;Generic Dataset;Bilag 2, tabel 7: Generisk datagrundlag 2023
Solafskærmning, aluminiumslameller;1;M2;2391,00;23.64;;;;Generic Dataset;Bilag 2, tabel 7: Generisk datagrundlag 2023
Solafskærmning, polyethylenterephthalat(PET);1,25077;M2;0,40;4.19;1.10;;0.34;Generic Dataset;Bilag 2, tabel 7: Generisk datagrundlag 2023
Solcelleanlæg 1000 kWh / m2*a;1;M2;9,00;296.69;;12.14;-36.20;Generic Dataset;Bilag 2, tabel 7: Generisk datagrundlag 2023
Solvarmekollektor, plan;1;M2;18,27;104.04;1.18;;-57.24;Generic Dataset;Bilag 2, tabel 7: Generisk datagrundlag 2023
Solvarmekollektor, vakuumrør;1;M2;29,50;109.58;2.33;;-38.84;Generic Dataset;Bilag 2, tabel 7: Generisk datagrundlag 2023
Spånplade;1;M3;700,00;-873.59;1268.47;;-2.93;Generic Dataset;Bilag 2, tabel 7: Generisk datagrundlag 2023
Spånplade, melaminbelagt;1;M3;633,29;-691.47;;;;Generic Dataset;Bilag 2, tabel 7: Generisk datagrundlag 2023
Stenmel 0/2;1;KG;1,00;0.01;0.01;;0.00;Generic Dataset;Bilag 2, tabel 7: Generisk datagrundlag 2023
Stikdåse;1;Pcs;77,00;0.39;0.00;;0.04;Generic Dataset;Bilag 2, tabel 7: Generisk datagrundlag 2023
Stokerfyr;1;Pcs;631,00;1642.03;3.48;1.80;-683.54;Generic Dataset;Bilag 2, tabel 7: Generisk datagrundlag 2023
Stokerfyr 120-400 kW;1;Pcs;3399,00;7141.52;18.79;;-3691.63;Generic Dataset;Bilag 2, tabel 7: Generisk datagrundlag 2023
Stokerfyr 120-400 kW, EOL;1;Pcs;3399,00;;;1.80;;Generic Dataset;Bilag 2, tabel 7: Generisk datagrundlag 2023
Stokerfyr 20-120 kW;1;Pcs;921,00;2218.21;5.08;;-998.69;Generic Dataset;Bilag 2, tabel 7: Generisk datagrundlag 2023
Stokerfyr 20-120 kW, EOL;1;Pcs;921,00;;;1.80;;Generic Dataset;Bilag 2, tabel 7: Generisk datagrundlag 2023
Støbeasfalt;1;KG;1,00;0.21;0.00;0.08;0.03;Generic Dataset;Bilag 2, tabel 7: Generisk datagrundlag 2023
Stål, Smedestål;1;KG;1,00;2.81;;;;Generic Dataset;Bilag 2, tabel 7: Generisk datagrundlag 2023
Stål, valsede profiler og plader;1000;KG;1,00;1125.00;1.84;;-413.40;Generic Dataset;Bilag 2, tabel 7: Generisk datagrundlag 2023
Stål, Varmgalvaniseret stålplade;1;M2;5,72;16.39;;;;Generic Dataset;Bilag 2, tabel 7: Generisk datagrundlag 2023
Stål, varmvalset plade, 2-20 mm;1;KG;1,00;2.68;;;;Generic Dataset;Bilag 2, tabel 7: Generisk datagrundlag 2023
Stål, varmvalset plade, Genanvendelse;1;KG;1,00;;;0.00;-1.81;Generic Dataset;Bilag 2, tabel 7: Generisk datagrundlag 2023
Stålplade (0,3-3,0mm);1;KG;1,00;2.43;;;;Generic Dataset;Bilag 2, tabel 7: Generisk datagrundlag 2023
Stålplade (20 mikrometer galvaniseret);1;KG;1,00;2.68;;;;Generic Dataset;Bilag 2, tabel 7: Generisk datagrundlag 2023
Stålplade, rustfri;1;KG;1,00;3.43;;;;Generic Dataset;Bilag 2, tabel 7: Generisk datagrundlag 2023
Stålprofil;1;KG;1,00;0.99;;;;Generic Dataset;Bilag 2, tabel 7: Generisk datagrundlag 2023
Stålprofil, Genanvendelse;1;KG;1,00;;;0.00;0.39;Generic Dataset;Bilag 2, tabel 7: Generisk datagrundlag 2023
Stålrør, gevindrør;1;KG;1,00;2.51;0.00;;-1.56;Generic Dataset;Bilag 2, tabel 7: Generisk datagrundlag 2023
Tagfolie EPDM;1;M2;2,00;8.60;6.80;;-3.39;Generic Dataset;Bilag 2, tabel 7: Generisk datagrundlag 2023
Tagmembran, PVC;1;M2;1,50;6.07;4.93;;-1.00;Generic Dataset;Bilag 2, tabel 7: Generisk datagrundlag 2023
Tagpap, bitumen toplag, ikke skiferbestrøet;1;M2;5,21;5.36;0.00;0.41;;Generic Dataset;Bilag 2, tabel 7: Generisk datagrundlag 2023
Tagpap, bitumen toplag, skiferbestrøet;1;M2;6,20;5.36;0.00;0.49;;Generic Dataset;Bilag 2, tabel 7: Generisk datagrundlag 2023
Tagpap, bitumen undermembran;1;M2;5,00;2.47;0.00;0.40;;Generic Dataset;Bilag 2, tabel 7: Generisk datagrundlag 2023
Tagsten, beton;1000;KG;1,00;255.91;;16.07;-2.68;Generic Dataset;Bilag 2, tabel 7: Generisk datagrundlag 2023
Tagsten, tegl;1;M2;45,00;15.88;0.30;;0.09;Generic Dataset;Bilag 2, tabel 7: Generisk datagrundlag 2023
Teflon-membran, polytetrafluoroethylen(PTFE);1;KG;1,00;14.44;0.36;;0.17;Generic Dataset;Bilag 2, tabel 7: Generisk datagrundlag 2023
Teglsten, formur;1;M3;1800,00;528.54;13.21;;-3.70;Generic Dataset;Bilag 2, tabel 7: Generisk datagrundlag 2023
Teglsten, genbrugte;1000;KG;1,00;2.70;;;;Generic Dataset;Bilag 2, tabel 7: Generisk datagrundlag 2023
Termorude 2x4 mm, Argonfyldt;1;M2;20,50;36.99;1.52;0.33;-0.70;Generic Dataset;Bilag 2, tabel 7: Generisk datagrundlag 2023
Tetrafluorethan (R134a);1;KG;1,00;8.39;;;;Generic Dataset;Bilag 2, tabel 7: Generisk datagrundlag 2023
Tetrafluorpropen (R1234ze);1;KG;1,00;6.13;;;;Generic Dataset;Bilag 2, tabel 7: Generisk datagrundlag 2023
Toilet sæde / låg, hærdetplast;1;Pcs;2,60;11.55;7.10;;-3.29;Generic Dataset;Bilag 2, tabel 7: Generisk datagrundlag 2023
Tom affaldsproces;1;KG;1,00;;0.00;;;Generic Dataset;Bilag 2, tabel 7: Generisk datagrundlag 2023
Træ, ceder;1;M3;571,00;-809.97;1037.52;;-282.58;Generic Dataset;Bilag 2, tabel 7: Generisk datagrundlag 2023
Træ, egetræ (12% fugt / 10,7% H2O);1;M3;716,80;-1063.00;1287.83;;-341.22;Generic Dataset;Bilag 2, tabel 7: Generisk datagrundlag 2023
Træ, fyrretræ (12% fugt / 10,7% H2O);1;M3;548,80;-783.13;985.05;;-260.33;Generic Dataset;Bilag 2, tabel 7: Generisk datagrundlag 2023
Træ, gran (12% fugt / 10,7% H2O);1;M3;481,60;-693.84;876.04;;-238.75;Generic Dataset;Bilag 2, tabel 7: Generisk datagrundlag 2023
Træ, lærk;1;M3;660,80;-907.56;1186.90;;-314.26;Generic Dataset;Bilag 2, tabel 7: Generisk datagrundlag 2023
Træbetonplade;1;M3;360,00;-29.37;317.46;;-113.79;Generic Dataset;Bilag 2, tabel 7: Generisk datagrundlag 2023
Træbrædder, bøg (12% fugtighed / 10,7% H2O);1;M3;739,20;-1093.21;1328.20;;-352.47;Generic Dataset;Bilag 2, tabel 7: Generisk datagrundlag 2023
Træfiberisolering;1;M3;157,49;-156.30;238.20;;-124.00;Generic Dataset;Bilag 2, tabel 7: Generisk datagrundlag 2023
Træfiberisoleringsplade (våd proces);1;M3;160,00;-182.18;334.69;;-88.66;Generic Dataset;Bilag 2, tabel 7: Generisk datagrundlag 2023
Træfiberplade, høj densitet, HDF;1;M3;849,92;-854.25;;;;Generic Dataset;Bilag 2, tabel 7: Generisk datagrundlag 2023
Træfiberplade, medium densitet, MDF;1;M3;737,50;-726.36;;;;Generic Dataset;Bilag 2, tabel 7: Generisk datagrundlag 2023
Trægulv, stavparket, 22 mm;1;M2;11,50;-15.05;23.60;;-6.37;Generic Dataset;Bilag 2, tabel 7: Generisk datagrundlag 2023
Træprodukter, affaldsforbrænding;1;KG;1,00;;1.80;;0.52;Generic Dataset;Bilag 2, tabel 7: Generisk datagrundlag 2023
TT-element/Ribbedæk, TT60 med 12-18 stk. L12,5 liner, og 1,3-3,3 kg slap armering;1;M2;332,70;56.30;1.00;0.73;-0.70;Generic Dataset;Bilag 2, tabel 7: Generisk datagrundlag 2023
TT-element/Ribbedæk, TT60 med 20-28 stk. L12,5 liner, og 2-4 kg slap armering;1;M2;335,10;57.70;1.01;0.73;-0.71;Generic Dataset;Bilag 2, tabel 7: Generisk datagrundlag 2023
TT-element/Ribbedæk, TTS90 med 16-22 stk. L12,5 liner, og 1-2,5 kg slap armering;1;M2;302,00;55.30;0.91;0.66;-0.61;Generic Dataset;Bilag 2, tabel 7: Generisk datagrundlag 2023
Tæppeflise;1;M2;1,20;20.00;;4.56;0.10;Generic Dataset;Bilag 2, tabel 7: Generisk datagrundlag 2023
Tæppeflise EoL;1;M2;1,20;;0.03;;;Generic Dataset;Bilag 2, tabel 7: Generisk datagrundlag 2023
Tæppegulvbelægning (tykkelse 0,006 m);1;M2;1,40;;4.05;;-1.60;Generic Dataset;Bilag 2, tabel 7: Generisk datagrundlag 2023
Tætningsliste, EPDB, ekstruderet;1;KG;1,00;4.17;2.88;;-1.70;Generic Dataset;Bilag 2, tabel 7: Generisk datagrundlag 2023
Undertag, fiberarmeret PE-membran;1;M2;0,14;0.43;0.32;;0.14;Generic Dataset;Bilag 2, tabel 7: Generisk datagrundlag 2023
Undertag, PP-membran;1;M2;0,15;0.41;0.33;;0.16;Generic Dataset;Bilag 2, tabel 7: Generisk datagrundlag 2023
Urea formaldehyd skum isolering;1;KG;1,00;2.88;1.88;;-0.67;Generic Dataset;Bilag 2, tabel 7: Generisk datagrundlag 2023
Vandtætningsmembran, flydende;1;KG;1,00;1.11;;;;Generic Dataset;Bilag 2, tabel 7: Generisk datagrundlag 2023
Vandvarmer, el, gennemstrøm, 21 kW;1;Pcs;3,95;14.74;4.92;;-6.93;Generic Dataset;Bilag 2, tabel 7: Generisk datagrundlag 2023
Varmepumpe (luft-vand) 10 kW;1;Pcs;134,00;458.99;30.09;4.28;-241.52;Generic Dataset;Bilag 2, tabel 7: Generisk datagrundlag 2023
Varmepumpe (luft-vand) 14kW;1;Pcs;187,60;642.59;42.12;;-338.13;Generic Dataset;Bilag 2, tabel 7: Generisk datagrundlag 2023
Varmepumpe (luft-vand) 14kW, EOL;1;Pcs;187,60;;;5.99;;Generic Dataset;Bilag 2, tabel 7: Generisk datagrundlag 2023
Varmepumpe (luft-vand) 7kW;1;Pcs;93,80;321.29;21.06;;-169.07;Generic Dataset;Bilag 2, tabel 7: Generisk datagrundlag 2023
Varmepumpe (luft-vand) 7kW, EOL;1;Pcs;93,80;;;3.00;;Generic Dataset;Bilag 2, tabel 7: Generisk datagrundlag 2023
Varmepumpe, jordvarmeslange, 20 kW;1;Pcs;184,20;392.97;4.35;;-156.28;Generic Dataset;Bilag 2, tabel 7: Generisk datagrundlag 2023
Varmepumpe, jordvarmeslange, 20 kW, EOL;1;Pcs;184,20;;;0.03;;Generic Dataset;Bilag 2, tabel 7: Generisk datagrundlag 2023
Varmepumpe, jordvarmeslange, 70 kW;1;Pcs;488,90;931.91;11.48;;-267.74;Generic Dataset;Bilag 2, tabel 7: Generisk datagrundlag 2023
Varmepumpe, jordvarmeslange, 70 kW, EOL;1;Pcs;488,90;;;0.03;;Generic Dataset;Bilag 2, tabel 7: Generisk datagrundlag 2023
Varmepumpe, jordvarmesonde, 10 kW;1;Pcs;563,00;855.76;4.35;;-156.29;Generic Dataset;Bilag 2, tabel 7: Generisk datagrundlag 2023
Varmepumpe, jordvarmesonde, 10 kW, EOL;1;Pcs;563,00;;;0.03;;Generic Dataset;Bilag 2, tabel 7: Generisk datagrundlag 2023
Varmepumpe, jordvarmesonde, 70 kW;1;Pcs;4855,00;6262.06;11.48;;-267.67;Generic Dataset;Bilag 2, tabel 7: Generisk datagrundlag 2023
Varmepumpe, jordvarmesonde, 70 kW, EOL;1;Pcs;4854,66;;;0.03;;Generic Dataset;Bilag 2, tabel 7: Generisk datagrundlag 2023
Varmepumpe, vand-vand, 10 kW;1;Pcs;104,20;284.92;5.22;;-173.46;Generic Dataset;Bilag 2, tabel 7: Generisk datagrundlag 2023
Varmepumpe, vand-vand, 10 kW;1;Pcs;104,22;;;0.03;;Generic Dataset;Bilag 2, tabel 7: Generisk datagrundlag 2023
Varmepumpe, vand-vand, 20 kW;1;Pcs;104,00;284.32;5.22;;-173.46;Generic Dataset;Bilag 2, tabel 7: Generisk datagrundlag 2023
Varmepumpe, vand-vand, 20 kW, EOL;1;Pcs;104,00;;;0.03;;Generic Dataset;Bilag 2, tabel 7: Generisk datagrundlag 2023
Varmepumpe, vand-vand, 70 kW;1;Pcs;199,22;553.73;13.66;;-307.48;Generic Dataset;Bilag 2, tabel 7: Generisk datagrundlag 2023
Varmepumpe, vand-vand, 70 kW, EOL;1;Pcs;199,22;;;0.03;;Generic Dataset;Bilag 2, tabel 7: Generisk datagrundlag 2023
Vegetationssubstrat;1;KG;1,00;0.05;0.01;;0.00;Generic Dataset;Bilag 2, tabel 7: Generisk datagrundlag 2023
Ventilationsaggregat decentraliseret (væg &loft) 60 m3/h, EOL;1;Pcs;878,00;;;0.02;;Generic Dataset;Bilag 2, tabel 7: Generisk datagrundlag 2023
Ventilationsaggregat m. varmegenvinding 1000 m3 / h;1;Pcs;99,10;372.13;0.61;;-212.09;Generic Dataset;Bilag 2, tabel 7: Generisk datagrundlag 2023
Ventilationsaggregat m. varmegenvinding 1000 m3 / h, EOL;1;Pcs;99,10;;;0.09;;Generic Dataset;Bilag 2, tabel 7: Generisk datagrundlag 2023
Ventilationsaggregat m. varmegenvinding 10000 m3 / h;1;Pcs;703,94;2815.96;3.47;0.27;-1717.02;Generic Dataset;Bilag 2, tabel 7: Generisk datagrundlag 2023
Ventilationsaggregat m. varmegenvinding 5000 m3 / h;1;Pcs;367,94;1460.38;1.77;;-881.90;Generic Dataset;Bilag 2, tabel 7: Generisk datagrundlag 2023
Ventilationsaggregat m. varmegenvinding 5000 m3 / h, EOL;1;Pcs;367,94;;;0.18;;Generic Dataset;Bilag 2, tabel 7: Generisk datagrundlag 2023
Ventilationsanlæg decentraliseret (væg &loft) 60 m3 / h;1;Pcs;878,00;4.09;1.30;;-1.38;Generic Dataset;Bilag 2, tabel 7: Generisk datagrundlag 2023
Ventilationskanal, galvaniseret stål;1;KG;1,00;3.05;0.00;;-1.59;Generic Dataset;Bilag 2, tabel 7: Generisk datagrundlag 2023
Vinduesbeslag, aluminium;1;Pcs;1014,00;8.73;;;;Generic Dataset;Bilag 2, tabel 7: Generisk datagrundlag 2023
Vindueshåndtag;1;Pcs;0,10;0.96;0.25;;0.11;Generic Dataset;Bilag 2, tabel 7: Generisk datagrundlag 2023
Vindueskarm, aluminium;1;M;1,43;15.77;0.69;;-9.52;Generic Dataset;Bilag 2, tabel 7: Generisk datagrundlag 2023
Vindueskarm, plast;1;M;2,80;8.25;3.92;;-3.23;Generic Dataset;Bilag 2, tabel 7: Generisk datagrundlag 2023
Vindueskarm, træ;1;M;2,11;0.37;4.04;;-1.62;Generic Dataset;Bilag 2, tabel 7: Generisk datagrundlag 2023
Vinduesprofil, karm, alu. pulverlak.;1;M;1,02;13.05;;;;Generic Dataset;Bilag 2, tabel 7: Generisk datagrundlag 2023
Vinduesramme, aluminium;1;M;1,51;17.06;0.59;;-10.42;Generic Dataset;Bilag 2, tabel 7: Generisk datagrundlag 2023
Vinduesramme, plast;1;M;3,10;9.24;4.82;;-3.43;Generic Dataset;Bilag 2, tabel 7: Generisk datagrundlag 2023
Vinduesramme, pulverlakeret aluminium;1;M;0,98;12.54;;;;Generic Dataset;Bilag 2, tabel 7: Generisk datagrundlag 2023
Vinduesramme, træ;1;M;2,11;0.15;4.04;;-1.61;Generic Dataset;Bilag 2, tabel 7: Generisk datagrundlag 2023
Vippeafbryder (lyskontakt);1;Pcs;79,00;0.44;0.00;;0.05;Generic Dataset;Bilag 2, tabel 7: Generisk datagrundlag 2023
VVS-rør, blanke kobberrør;1;KG;1,00;1.97;;0.00;-0.73;Generic Dataset;Bilag 2, tabel 7: Generisk datagrundlag 2023
VVS-rør, PE-belagt kobberrør;1;KG;1,00;2.07;;0.96;-1.10;Generic Dataset;Bilag 2, tabel 7: Generisk datagrundlag 2023
VVS-rør, PE-skumbelagt kobberrør;1;KG;1,00;2.29;;0.38;-0.87;Generic Dataset;Bilag 2, tabel 7: Generisk datagrundlag 2023
VVS-rør, PU-skumbelagt kobberrør;1;KG;1,00;2.85;;0.61;-0.95;Generic Dataset;Bilag 2, tabel 7: Generisk datagrundlag 2023
VVS-rør, PVC-belagt kobberrør;1;KG;1,00;1.83;;0.99;-1.12;Generic Dataset;Bilag 2, tabel 7: Generisk datagrundlag 2023
Vådrumsarmatur til lysstofrør, T8-36W;1;Pcs;3,15;16.65;9.12;;-3.52;Generic Dataset;Bilag 2, tabel 7: Generisk datagrundlag 2023
WPC facadepanel;1;M2;7,79;0.56;8.78;;-2.75;Generic Dataset;Bilag 2, tabel 7: Generisk datagrundlag 2023
WPC terrassebelægning;1;M2;18,36;0.25;21.08;;-4.87;Generic Dataset;Bilag 2, tabel 7: Generisk datagrundlag 2023
XPS isolering;1;M3;32,00;96.34;118.21;;-49.51;Generic Dataset;Bilag 2, tabel 7: Generisk datagrundlag 2023
Zink, patineret;1;KG;1,00;2.09;;;;Generic Dataset;Bilag 2, tabel 7: Generisk datagrundlag 2023